"Poly_No","Coord_order","Longitude","Latitude","Hole","Group"
"1","1_1",-7.1,36.55,FALSE,"1.1"
"1","1_2",-7.05,36.55,FALSE,"1.1"
"1","1_3",-7.05,36.5,FALSE,"1.1"
"1","1_4",-7,36.5,FALSE,"1.1"
"1","1_5",-6.95,36.5,FALSE,"1.1"
"1","1_6",-6.95,36.45,FALSE,"1.1"
"1","1_7",-7,36.45,FALSE,"1.1"
"1","1_8",-7,36.4,FALSE,"1.1"
"1","1_9",-6.95,36.4,FALSE,"1.1"
"1","1_10",-6.9,36.4,FALSE,"1.1"
"1","1_11",-6.9,36.35,FALSE,"1.1"
"1","1_12",-6.95,36.35,FALSE,"1.1"
"1","1_13",-7,36.35,FALSE,"1.1"
"1","1_14",-7,36.3,FALSE,"1.1"
"1","1_15",-7.05,36.3,FALSE,"1.1"
"1","1_16",-7.05,36.35,FALSE,"1.1"
"1","1_17",-7.1,36.35,FALSE,"1.1"
"1","1_18",-7.1,36.4,FALSE,"1.1"
"1","1_19",-7.1,36.45,FALSE,"1.1"
"1","1_20",-7.05,36.45,FALSE,"1.1"
"1","1_21",-7.05,36.5,FALSE,"1.1"
"1","1_22",-7.1,36.5,FALSE,"1.1"
"1","1_23",-7.1,36.55,FALSE,"1.1"
"2","2_1",-7.35,36.5,FALSE,"2.1"
"2","2_2",-7.4,36.5,FALSE,"2.1"
"2","2_3",-7.45,36.5,FALSE,"2.1"
"2","2_4",-7.45,36.55,FALSE,"2.1"
"2","2_5",-7.4,36.55,FALSE,"2.1"
"2","2_6",-7.35,36.55,FALSE,"2.1"
"2","2_7",-7.3,36.55,FALSE,"2.1"
"2","2_8",-7.3,36.5,FALSE,"2.1"
"2","2_9",-7.3,36.45,FALSE,"2.1"
"2","2_10",-7.35,36.45,FALSE,"2.1"
"2","2_11",-7.35,36.5,FALSE,"2.1"
"3","3_1",-8.05,36.55,FALSE,"3.1"
"3","3_2",-8,36.55,FALSE,"3.1"
"3","3_3",-8,36.5,FALSE,"3.1"
"3","3_4",-7.95,36.5,FALSE,"3.1"
"3","3_5",-7.95,36.45,FALSE,"3.1"
"3","3_6",-8,36.45,FALSE,"3.1"
"3","3_7",-8,36.5,FALSE,"3.1"
"3","3_8",-8.05,36.5,FALSE,"3.1"
"3","3_9",-8.05,36.55,FALSE,"3.1"
"4","4_1",-7.75,36.7,FALSE,"4.1"
"4","4_2",-7.8,36.7,FALSE,"4.1"
"4","4_3",-7.85,36.7,FALSE,"4.1"
"4","4_4",-7.9,36.7,FALSE,"4.1"
"4","4_5",-7.9,36.65,FALSE,"4.1"
"4","4_6",-7.95,36.65,FALSE,"4.1"
"4","4_7",-7.95,36.7,FALSE,"4.1"
"4","4_8",-8,36.7,FALSE,"4.1"
"4","4_9",-8.05,36.7,FALSE,"4.1"
"4","4_10",-8.05,36.65,FALSE,"4.1"
"4","4_11",-8.1,36.65,FALSE,"4.1"
"4","4_12",-8.15,36.65,FALSE,"4.1"
"4","4_13",-8.2,36.65,FALSE,"4.1"
"4","4_14",-8.25,36.65,FALSE,"4.1"
"4","4_15",-8.3,36.65,FALSE,"4.1"
"4","4_16",-8.35,36.65,FALSE,"4.1"
"4","4_17",-8.4,36.65,FALSE,"4.1"
"4","4_18",-8.45,36.65,FALSE,"4.1"
"4","4_19",-8.45,36.6,FALSE,"4.1"
"4","4_20",-8.5,36.6,FALSE,"4.1"
"4","4_21",-8.5,36.65,FALSE,"4.1"
"4","4_22",-8.5,36.7,FALSE,"4.1"
"4","4_23",-8.55,36.7,FALSE,"4.1"
"4","4_24",-8.6,36.7,FALSE,"4.1"
"4","4_25",-8.65,36.7,FALSE,"4.1"
"4","4_26",-8.65,36.75,FALSE,"4.1"
"4","4_27",-8.7,36.75,FALSE,"4.1"
"4","4_28",-8.7,36.7,FALSE,"4.1"
"4","4_29",-8.75,36.7,FALSE,"4.1"
"4","4_30",-8.75,36.75,FALSE,"4.1"
"4","4_31",-8.8,36.75,FALSE,"4.1"
"4","4_32",-8.85,36.75,FALSE,"4.1"
"4","4_33",-8.9,36.75,FALSE,"4.1"
"4","4_34",-8.95,36.75,FALSE,"4.1"
"4","4_35",-9,36.75,FALSE,"4.1"
"4","4_36",-9.05,36.75,FALSE,"4.1"
"4","4_37",-9.1,36.75,FALSE,"4.1"
"4","4_38",-9.15,36.75,FALSE,"4.1"
"4","4_39",-9.15,36.8,FALSE,"4.1"
"4","4_40",-9.15,36.85,FALSE,"4.1"
"4","4_41",-9.15,36.9,FALSE,"4.1"
"4","4_42",-9.15,36.95,FALSE,"4.1"
"4","4_43",-9.2,36.95,FALSE,"4.1"
"4","4_44",-9.2,37,FALSE,"4.1"
"4","4_45",-9.15,37,FALSE,"4.1"
"4","4_46",-9.15,37.05,FALSE,"4.1"
"4","4_47",-9.15,37.1,FALSE,"4.1"
"4","4_48",-9.2,37.1,FALSE,"4.1"
"4","4_49",-9.25,37.1,FALSE,"4.1"
"4","4_50",-9.25,37.15,FALSE,"4.1"
"4","4_51",-9.25,37.2,FALSE,"4.1"
"4","4_52",-9.25,37.25,FALSE,"4.1"
"4","4_53",-9.2,37.25,FALSE,"4.1"
"4","4_54",-9.2,37.2,FALSE,"4.1"
"4","4_55",-9.15,37.2,FALSE,"4.1"
"4","4_56",-9.15,37.25,FALSE,"4.1"
"4","4_57",-9.1,37.25,FALSE,"4.1"
"4","4_58",-9.1,37.2,FALSE,"4.1"
"4","4_59",-9.1,37.15,FALSE,"4.1"
"4","4_60",-9.1,37.1,FALSE,"4.1"
"4","4_61",-9.1,37.05,FALSE,"4.1"
"4","4_62",-9.1,37,FALSE,"4.1"
"4","4_63",-9.1,36.95,FALSE,"4.1"
"4","4_64",-9.05,36.95,FALSE,"4.1"
"4","4_65",-9.05,36.9,FALSE,"4.1"
"4","4_66",-9.05,36.85,FALSE,"4.1"
"4","4_67",-9.05,36.8,FALSE,"4.1"
"4","4_68",-9,36.8,FALSE,"4.1"
"4","4_69",-9,36.85,FALSE,"4.1"
"4","4_70",-8.95,36.85,FALSE,"4.1"
"4","4_71",-8.9,36.85,FALSE,"4.1"
"4","4_72",-8.85,36.85,FALSE,"4.1"
"4","4_73",-8.8,36.85,FALSE,"4.1"
"4","4_74",-8.75,36.85,FALSE,"4.1"
"4","4_75",-8.7,36.85,FALSE,"4.1"
"4","4_76",-8.65,36.85,FALSE,"4.1"
"4","4_77",-8.6,36.85,FALSE,"4.1"
"4","4_78",-8.55,36.85,FALSE,"4.1"
"4","4_79",-8.55,36.9,FALSE,"4.1"
"4","4_80",-8.5,36.9,FALSE,"4.1"
"4","4_81",-8.5,36.85,FALSE,"4.1"
"4","4_82",-8.5,36.8,FALSE,"4.1"
"4","4_83",-8.45,36.8,FALSE,"4.1"
"4","4_84",-8.4,36.8,FALSE,"4.1"
"4","4_85",-8.35,36.8,FALSE,"4.1"
"4","4_86",-8.3,36.8,FALSE,"4.1"
"4","4_87",-8.25,36.8,FALSE,"4.1"
"4","4_88",-8.2,36.8,FALSE,"4.1"
"4","4_89",-8.15,36.8,FALSE,"4.1"
"4","4_90",-8.15,36.85,FALSE,"4.1"
"4","4_91",-8.1,36.85,FALSE,"4.1"
"4","4_92",-8.05,36.85,FALSE,"4.1"
"4","4_93",-8,36.85,FALSE,"4.1"
"4","4_94",-7.95,36.85,FALSE,"4.1"
"4","4_95",-7.95,36.9,FALSE,"4.1"
"4","4_96",-7.9,36.9,FALSE,"4.1"
"4","4_97",-7.85,36.9,FALSE,"4.1"
"4","4_98",-7.8,36.9,FALSE,"4.1"
"4","4_99",-7.8,36.95,FALSE,"4.1"
"4","4_100",-7.75,36.95,FALSE,"4.1"
"4","4_101",-7.7,36.95,FALSE,"4.1"
"4","4_102",-7.65,36.95,FALSE,"4.1"
"4","4_103",-7.6,36.95,FALSE,"4.1"
"4","4_104",-7.55,36.95,FALSE,"4.1"
"4","4_105",-7.5,36.95,FALSE,"4.1"
"4","4_106",-7.45,36.95,FALSE,"4.1"
"4","4_107",-7.45,36.9,FALSE,"4.1"
"4","4_108",-7.4,36.9,FALSE,"4.1"
"4","4_109",-7.35,36.9,FALSE,"4.1"
"4","4_110",-7.3,36.9,FALSE,"4.1"
"4","4_111",-7.3,36.85,FALSE,"4.1"
"4","4_112",-7.35,36.85,FALSE,"4.1"
"4","4_113",-7.35,36.8,FALSE,"4.1"
"4","4_114",-7.4,36.8,FALSE,"4.1"
"4","4_115",-7.4,36.75,FALSE,"4.1"
"4","4_116",-7.4,36.7,FALSE,"4.1"
"4","4_117",-7.45,36.7,FALSE,"4.1"
"4","4_118",-7.45,36.65,FALSE,"4.1"
"4","4_119",-7.45,36.6,FALSE,"4.1"
"4","4_120",-7.5,36.6,FALSE,"4.1"
"4","4_121",-7.55,36.6,FALSE,"4.1"
"4","4_122",-7.55,36.65,FALSE,"4.1"
"4","4_123",-7.6,36.65,FALSE,"4.1"
"4","4_124",-7.6,36.6,FALSE,"4.1"
"4","4_125",-7.65,36.6,FALSE,"4.1"
"4","4_126",-7.65,36.65,FALSE,"4.1"
"4","4_127",-7.7,36.65,FALSE,"4.1"
"4","4_128",-7.75,36.65,FALSE,"4.1"
"4","4_129",-7.75,36.6,FALSE,"4.1"
"4","4_130",-7.8,36.6,FALSE,"4.1"
"4","4_131",-7.8,36.65,FALSE,"4.1"
"4","4_132",-7.75,36.65,FALSE,"4.1"
"4","4_133",-7.75,36.7,FALSE,"4.1"
"5","5_1",-9.65,38.55,FALSE,"5.1"
"5","5_2",-9.7,38.55,FALSE,"5.1"
"5","5_3",-9.75,38.55,FALSE,"5.1"
"5","5_4",-9.75,38.6,FALSE,"5.1"
"5","5_5",-9.8,38.6,FALSE,"5.1"
"5","5_6",-9.85,38.6,FALSE,"5.1"
"5","5_7",-9.85,38.65,FALSE,"5.1"
"5","5_8",-9.85,38.7,FALSE,"5.1"
"5","5_9",-9.9,38.7,FALSE,"5.1"
"5","5_10",-9.95,38.7,FALSE,"5.1"
"5","5_11",-9.95,38.75,FALSE,"5.1"
"5","5_12",-9.95,38.8,FALSE,"5.1"
"5","5_13",-9.9,38.8,FALSE,"5.1"
"5","5_14",-9.9,38.75,FALSE,"5.1"
"5","5_15",-9.85,38.75,FALSE,"5.1"
"5","5_16",-9.85,38.8,FALSE,"5.1"
"5","5_17",-9.8,38.8,FALSE,"5.1"
"5","5_18",-9.8,38.75,FALSE,"5.1"
"5","5_19",-9.75,38.75,FALSE,"5.1"
"5","5_20",-9.7,38.75,FALSE,"5.1"
"5","5_21",-9.7,38.7,FALSE,"5.1"
"5","5_22",-9.65,38.7,FALSE,"5.1"
"5","5_23",-9.65,38.65,FALSE,"5.1"
"5","5_24",-9.65,38.6,FALSE,"5.1"
"5","5_25",-9.6,38.6,FALSE,"5.1"
"5","5_26",-9.6,38.55,FALSE,"5.1"
"5","5_27",-9.6,38.5,FALSE,"5.1"
"5","5_28",-9.55,38.5,FALSE,"5.1"
"5","5_29",-9.5,38.5,FALSE,"5.1"
"5","5_30",-9.45,38.5,FALSE,"5.1"
"5","5_31",-9.4,38.5,FALSE,"5.1"
"5","5_32",-9.35,38.5,FALSE,"5.1"
"5","5_33",-9.3,38.5,FALSE,"5.1"
"5","5_34",-9.3,38.55,FALSE,"5.1"
"5","5_35",-9.25,38.55,FALSE,"5.1"
"5","5_36",-9.25,38.5,FALSE,"5.1"
"5","5_37",-9.25,38.45,FALSE,"5.1"
"5","5_38",-9.25,38.4,FALSE,"5.1"
"5","5_39",-9.2,38.4,FALSE,"5.1"
"5","5_40",-9.2,38.35,FALSE,"5.1"
"5","5_41",-9.15,38.35,FALSE,"5.1"
"5","5_42",-9.1,38.35,FALSE,"5.1"
"5","5_43",-9.05,38.35,FALSE,"5.1"
"5","5_44",-9.05,38.3,FALSE,"5.1"
"5","5_45",-9,38.3,FALSE,"5.1"
"5","5_46",-9,38.25,FALSE,"5.1"
"5","5_47",-9.05,38.25,FALSE,"5.1"
"5","5_48",-9.05,38.2,FALSE,"5.1"
"5","5_49",-9.05,38.15,FALSE,"5.1"
"5","5_50",-9.05,38.1,FALSE,"5.1"
"5","5_51",-9.05,38.05,FALSE,"5.1"
"5","5_52",-9.1,38.05,FALSE,"5.1"
"5","5_53",-9.1,38,FALSE,"5.1"
"5","5_54",-9.15,38,FALSE,"5.1"
"5","5_55",-9.15,37.95,FALSE,"5.1"
"5","5_56",-9.15,37.9,FALSE,"5.1"
"5","5_57",-9.15,37.85,FALSE,"5.1"
"5","5_58",-9.15,37.8,FALSE,"5.1"
"5","5_59",-9.1,37.8,FALSE,"5.1"
"5","5_60",-9.1,37.75,FALSE,"5.1"
"5","5_61",-9.1,37.7,FALSE,"5.1"
"5","5_62",-9.15,37.7,FALSE,"5.1"
"5","5_63",-9.15,37.65,FALSE,"5.1"
"5","5_64",-9.15,37.6,FALSE,"5.1"
"5","5_65",-9.15,37.55,FALSE,"5.1"
"5","5_66",-9.15,37.5,FALSE,"5.1"
"5","5_67",-9.15,37.45,FALSE,"5.1"
"5","5_68",-9.15,37.4,FALSE,"5.1"
"5","5_69",-9.15,37.35,FALSE,"5.1"
"5","5_70",-9.15,37.3,FALSE,"5.1"
"5","5_71",-9.2,37.3,FALSE,"5.1"
"5","5_72",-9.25,37.3,FALSE,"5.1"
"5","5_73",-9.25,37.35,FALSE,"5.1"
"5","5_74",-9.3,37.35,FALSE,"5.1"
"5","5_75",-9.3,37.3,FALSE,"5.1"
"5","5_76",-9.35,37.3,FALSE,"5.1"
"5","5_77",-9.35,37.35,FALSE,"5.1"
"5","5_78",-9.3,37.35,FALSE,"5.1"
"5","5_79",-9.3,37.4,FALSE,"5.1"
"5","5_80",-9.35,37.4,FALSE,"5.1"
"5","5_81",-9.35,37.45,FALSE,"5.1"
"5","5_82",-9.35,37.5,FALSE,"5.1"
"5","5_83",-9.35,37.55,FALSE,"5.1"
"5","5_84",-9.4,37.55,FALSE,"5.1"
"5","5_85",-9.4,37.6,FALSE,"5.1"
"5","5_86",-9.45,37.6,FALSE,"5.1"
"5","5_87",-9.45,37.65,FALSE,"5.1"
"5","5_88",-9.5,37.65,FALSE,"5.1"
"5","5_89",-9.5,37.7,FALSE,"5.1"
"5","5_90",-9.55,37.7,FALSE,"5.1"
"5","5_91",-9.55,37.75,FALSE,"5.1"
"5","5_92",-9.5,37.75,FALSE,"5.1"
"5","5_93",-9.5,37.8,FALSE,"5.1"
"5","5_94",-9.45,37.8,FALSE,"5.1"
"5","5_95",-9.45,37.85,FALSE,"5.1"
"5","5_96",-9.45,37.9,FALSE,"5.1"
"5","5_97",-9.4,37.9,FALSE,"5.1"
"5","5_98",-9.4,37.95,FALSE,"5.1"
"5","5_99",-9.4,38,FALSE,"5.1"
"5","5_100",-9.35,38,FALSE,"5.1"
"5","5_101",-9.35,38.05,FALSE,"5.1"
"5","5_102",-9.3,38.05,FALSE,"5.1"
"5","5_103",-9.3,38.1,FALSE,"5.1"
"5","5_104",-9.3,38.15,FALSE,"5.1"
"5","5_105",-9.3,38.2,FALSE,"5.1"
"5","5_106",-9.25,38.2,FALSE,"5.1"
"5","5_107",-9.25,38.25,FALSE,"5.1"
"5","5_108",-9.2,38.25,FALSE,"5.1"
"5","5_109",-9.2,38.3,FALSE,"5.1"
"5","5_110",-9.25,38.3,FALSE,"5.1"
"5","5_111",-9.3,38.3,FALSE,"5.1"
"5","5_112",-9.3,38.35,FALSE,"5.1"
"5","5_113",-9.25,38.35,FALSE,"5.1"
"5","5_114",-9.25,38.4,FALSE,"5.1"
"5","5_115",-9.3,38.4,FALSE,"5.1"
"5","5_116",-9.35,38.4,FALSE,"5.1"
"5","5_117",-9.35,38.35,FALSE,"5.1"
"5","5_118",-9.4,38.35,FALSE,"5.1"
"5","5_119",-9.4,38.4,FALSE,"5.1"
"5","5_120",-9.45,38.4,FALSE,"5.1"
"5","5_121",-9.5,38.4,FALSE,"5.1"
"5","5_122",-9.55,38.4,FALSE,"5.1"
"5","5_123",-9.6,38.4,FALSE,"5.1"
"5","5_124",-9.6,38.45,FALSE,"5.1"
"5","5_125",-9.6,38.5,FALSE,"5.1"
"5","5_126",-9.65,38.5,FALSE,"5.1"
"5","5_127",-9.65,38.55,FALSE,"5.1"
"5","5_128",-9.25,37.4,TRUE,"5.2"
"5","5_129",-9.25,37.45,TRUE,"5.2"
"5","5_130",-9.3,37.45,TRUE,"5.2"
"5","5_131",-9.3,37.4,TRUE,"5.2"
"5","5_132",-9.25,37.4,TRUE,"5.2"
"5","5_133",-9.45,37.75,TRUE,"5.3"
"5","5_134",-9.4,37.75,TRUE,"5.3"
"5","5_135",-9.4,37.8,TRUE,"5.3"
"5","5_136",-9.45,37.8,TRUE,"5.3"
"5","5_137",-9.45,37.75,TRUE,"5.3"
"6","6_1",-9.2,39.6,FALSE,"6.1"
"6","6_2",-9.15,39.6,FALSE,"6.1"
"6","6_3",-9.15,39.55,FALSE,"6.1"
"6","6_4",-9.2,39.55,FALSE,"6.1"
"6","6_5",-9.2,39.6,FALSE,"6.1"
"6","6_6",-9.25,39.6,FALSE,"6.1"
"6","6_7",-9.25,39.55,FALSE,"6.1"
"6","6_8",-9.3,39.55,FALSE,"6.1"
"6","6_9",-9.35,39.55,FALSE,"6.1"
"6","6_10",-9.4,39.55,FALSE,"6.1"
"6","6_11",-9.4,39.5,FALSE,"6.1"
"6","6_12",-9.45,39.5,FALSE,"6.1"
"6","6_13",-9.45,39.45,FALSE,"6.1"
"6","6_14",-9.5,39.45,FALSE,"6.1"
"6","6_15",-9.55,39.45,FALSE,"6.1"
"6","6_16",-9.55,39.4,FALSE,"6.1"
"6","6_17",-9.55,39.35,FALSE,"6.1"
"6","6_18",-9.6,39.35,FALSE,"6.1"
"6","6_19",-9.65,39.35,FALSE,"6.1"
"6","6_20",-9.7,39.35,FALSE,"6.1"
"6","6_21",-9.7,39.4,FALSE,"6.1"
"6","6_22",-9.75,39.4,FALSE,"6.1"
"6","6_23",-9.75,39.35,FALSE,"6.1"
"6","6_24",-9.8,39.35,FALSE,"6.1"
"6","6_25",-9.85,39.35,FALSE,"6.1"
"6","6_26",-9.85,39.3,FALSE,"6.1"
"6","6_27",-9.9,39.3,FALSE,"6.1"
"6","6_28",-9.95,39.3,FALSE,"6.1"
"6","6_29",-10,39.3,FALSE,"6.1"
"6","6_30",-10.05,39.3,FALSE,"6.1"
"6","6_31",-10.05,39.35,FALSE,"6.1"
"6","6_32",-10,39.35,FALSE,"6.1"
"6","6_33",-9.95,39.35,FALSE,"6.1"
"6","6_34",-9.9,39.35,FALSE,"6.1"
"6","6_35",-9.9,39.4,FALSE,"6.1"
"6","6_36",-9.85,39.4,FALSE,"6.1"
"6","6_37",-9.85,39.45,FALSE,"6.1"
"6","6_38",-9.8,39.45,FALSE,"6.1"
"6","6_39",-9.75,39.45,FALSE,"6.1"
"6","6_40",-9.7,39.45,FALSE,"6.1"
"6","6_41",-9.7,39.5,FALSE,"6.1"
"6","6_42",-9.7,39.55,FALSE,"6.1"
"6","6_43",-9.65,39.55,FALSE,"6.1"
"6","6_44",-9.65,39.6,FALSE,"6.1"
"6","6_45",-9.65,39.65,FALSE,"6.1"
"6","6_46",-9.6,39.65,FALSE,"6.1"
"6","6_47",-9.55,39.65,FALSE,"6.1"
"6","6_48",-9.55,39.6,FALSE,"6.1"
"6","6_49",-9.5,39.6,FALSE,"6.1"
"6","6_50",-9.45,39.6,FALSE,"6.1"
"6","6_51",-9.45,39.65,FALSE,"6.1"
"6","6_52",-9.4,39.65,FALSE,"6.1"
"6","6_53",-9.35,39.65,FALSE,"6.1"
"6","6_54",-9.3,39.65,FALSE,"6.1"
"6","6_55",-9.25,39.65,FALSE,"6.1"
"6","6_56",-9.2,39.65,FALSE,"6.1"
"6","6_57",-9.2,39.6,FALSE,"6.1"
"7","7_1",-9.3,43.5,FALSE,"7.1"
"7","7_2",-9.25,43.5,FALSE,"7.1"
"7","7_3",-9.25,43.55,FALSE,"7.1"
"7","7_4",-9.2,43.55,FALSE,"7.1"
"7","7_5",-9.2,43.6,FALSE,"7.1"
"7","7_6",-9.15,43.6,FALSE,"7.1"
"7","7_7",-9.1,43.6,FALSE,"7.1"
"7","7_8",-9.1,43.65,FALSE,"7.1"
"7","7_9",-9.05,43.65,FALSE,"7.1"
"7","7_10",-9.05,43.7,FALSE,"7.1"
"7","7_11",-9,43.7,FALSE,"7.1"
"7","7_12",-8.95,43.7,FALSE,"7.1"
"7","7_13",-8.95,43.75,FALSE,"7.1"
"7","7_14",-8.95,43.8,FALSE,"7.1"
"7","7_15",-8.9,43.8,FALSE,"7.1"
"7","7_16",-8.85,43.8,FALSE,"7.1"
"7","7_17",-8.85,43.85,FALSE,"7.1"
"7","7_18",-8.8,43.85,FALSE,"7.1"
"7","7_19",-8.8,43.9,FALSE,"7.1"
"7","7_20",-8.75,43.9,FALSE,"7.1"
"7","7_21",-8.75,43.95,FALSE,"7.1"
"7","7_22",-8.7,43.95,FALSE,"7.1"
"7","7_23",-8.7,44,FALSE,"7.1"
"7","7_24",-8.75,44,FALSE,"7.1"
"7","7_25",-8.8,44,FALSE,"7.1"
"7","7_26",-8.8,44.05,FALSE,"7.1"
"7","7_27",-8.8,44.1,FALSE,"7.1"
"7","7_28",-8.75,44.1,FALSE,"7.1"
"7","7_29",-8.75,44.15,FALSE,"7.1"
"7","7_30",-8.7,44.15,FALSE,"7.1"
"7","7_31",-8.65,44.15,FALSE,"7.1"
"7","7_32",-8.6,44.15,FALSE,"7.1"
"7","7_33",-8.55,44.15,FALSE,"7.1"
"7","7_34",-8.5,44.15,FALSE,"7.1"
"7","7_35",-8.45,44.15,FALSE,"7.1"
"7","7_36",-8.4,44.15,FALSE,"7.1"
"7","7_37",-8.35,44.15,FALSE,"7.1"
"7","7_38",-8.3,44.15,FALSE,"7.1"
"7","7_39",-8.25,44.15,FALSE,"7.1"
"7","7_40",-8.2,44.15,FALSE,"7.1"
"7","7_41",-8.2,44.1,FALSE,"7.1"
"7","7_42",-8.25,44.1,FALSE,"7.1"
"7","7_43",-8.3,44.1,FALSE,"7.1"
"7","7_44",-8.35,44.1,FALSE,"7.1"
"7","7_45",-8.4,44.1,FALSE,"7.1"
"7","7_46",-8.45,44.1,FALSE,"7.1"
"7","7_47",-8.5,44.1,FALSE,"7.1"
"7","7_48",-8.55,44.1,FALSE,"7.1"
"7","7_49",-8.6,44.1,FALSE,"7.1"
"7","7_50",-8.65,44.1,FALSE,"7.1"
"7","7_51",-8.65,44.05,FALSE,"7.1"
"7","7_52",-8.6,44.05,FALSE,"7.1"
"7","7_53",-8.6,44,FALSE,"7.1"
"7","7_54",-8.55,44,FALSE,"7.1"
"7","7_55",-8.55,43.95,FALSE,"7.1"
"7","7_56",-8.55,43.9,FALSE,"7.1"
"7","7_57",-8.6,43.9,FALSE,"7.1"
"7","7_58",-8.6,43.85,FALSE,"7.1"
"7","7_59",-8.65,43.85,FALSE,"7.1"
"7","7_60",-8.7,43.85,FALSE,"7.1"
"7","7_61",-8.7,43.8,FALSE,"7.1"
"7","7_62",-8.7,43.75,FALSE,"7.1"
"7","7_63",-8.7,43.7,FALSE,"7.1"
"7","7_64",-8.75,43.7,FALSE,"7.1"
"7","7_65",-8.75,43.65,FALSE,"7.1"
"7","7_66",-8.8,43.65,FALSE,"7.1"
"7","7_67",-8.85,43.65,FALSE,"7.1"
"7","7_68",-8.9,43.65,FALSE,"7.1"
"7","7_69",-8.9,43.6,FALSE,"7.1"
"7","7_70",-8.95,43.6,FALSE,"7.1"
"7","7_71",-8.95,43.55,FALSE,"7.1"
"7","7_72",-9,43.55,FALSE,"7.1"
"7","7_73",-9.05,43.55,FALSE,"7.1"
"7","7_74",-9.1,43.55,FALSE,"7.1"
"7","7_75",-9.1,43.5,FALSE,"7.1"
"7","7_76",-9.15,43.5,FALSE,"7.1"
"7","7_77",-9.15,43.45,FALSE,"7.1"
"7","7_78",-9.2,43.45,FALSE,"7.1"
"7","7_79",-9.25,43.45,FALSE,"7.1"
"7","7_80",-9.3,43.45,FALSE,"7.1"
"7","7_81",-9.3,43.4,FALSE,"7.1"
"7","7_82",-9.35,43.4,FALSE,"7.1"
"7","7_83",-9.4,43.4,FALSE,"7.1"
"7","7_84",-9.4,43.35,FALSE,"7.1"
"7","7_85",-9.45,43.35,FALSE,"7.1"
"7","7_86",-9.5,43.35,FALSE,"7.1"
"7","7_87",-9.5,43.3,FALSE,"7.1"
"7","7_88",-9.5,43.25,FALSE,"7.1"
"7","7_89",-9.5,43.2,FALSE,"7.1"
"7","7_90",-9.55,43.2,FALSE,"7.1"
"7","7_91",-9.55,43.15,FALSE,"7.1"
"7","7_92",-9.55,43.1,FALSE,"7.1"
"7","7_93",-9.55,43.05,FALSE,"7.1"
"7","7_94",-9.5,43.05,FALSE,"7.1"
"7","7_95",-9.5,43,FALSE,"7.1"
"7","7_96",-9.5,42.95,FALSE,"7.1"
"7","7_97",-9.55,42.95,FALSE,"7.1"
"7","7_98",-9.55,42.9,FALSE,"7.1"
"7","7_99",-9.55,42.85,FALSE,"7.1"
"7","7_100",-9.55,42.8,FALSE,"7.1"
"7","7_101",-9.55,42.75,FALSE,"7.1"
"7","7_102",-9.5,42.75,FALSE,"7.1"
"7","7_103",-9.5,42.7,FALSE,"7.1"
"7","7_104",-9.5,42.65,FALSE,"7.1"
"7","7_105",-9.45,42.65,FALSE,"7.1"
"7","7_106",-9.45,42.6,FALSE,"7.1"
"7","7_107",-9.4,42.6,FALSE,"7.1"
"7","7_108",-9.4,42.55,FALSE,"7.1"
"7","7_109",-9.4,42.5,FALSE,"7.1"
"7","7_110",-9.4,42.45,FALSE,"7.1"
"7","7_111",-9.35,42.45,FALSE,"7.1"
"7","7_112",-9.35,42.4,FALSE,"7.1"
"7","7_113",-9.35,42.35,FALSE,"7.1"
"7","7_114",-9.4,42.35,FALSE,"7.1"
"7","7_115",-9.4,42.3,FALSE,"7.1"
"7","7_116",-9.4,42.25,FALSE,"7.1"
"7","7_117",-9.4,42.2,FALSE,"7.1"
"7","7_118",-9.4,42.15,FALSE,"7.1"
"7","7_119",-9.35,42.15,FALSE,"7.1"
"7","7_120",-9.35,42.1,FALSE,"7.1"
"7","7_121",-9.35,42.05,FALSE,"7.1"
"7","7_122",-9.35,42,FALSE,"7.1"
"7","7_123",-9.35,41.95,FALSE,"7.1"
"7","7_124",-9.35,41.9,FALSE,"7.1"
"7","7_125",-9.35,41.85,FALSE,"7.1"
"7","7_126",-9.3,41.85,FALSE,"7.1"
"7","7_127",-9.3,41.8,FALSE,"7.1"
"7","7_128",-9.3,41.75,FALSE,"7.1"
"7","7_129",-9.3,41.7,FALSE,"7.1"
"7","7_130",-9.25,41.7,FALSE,"7.1"
"7","7_131",-9.25,41.65,FALSE,"7.1"
"7","7_132",-9.2,41.65,FALSE,"7.1"
"7","7_133",-9.2,41.6,FALSE,"7.1"
"7","7_134",-9.2,41.55,FALSE,"7.1"
"7","7_135",-9.2,41.5,FALSE,"7.1"
"7","7_136",-9.2,41.45,FALSE,"7.1"
"7","7_137",-9.2,41.4,FALSE,"7.1"
"7","7_138",-9.15,41.4,FALSE,"7.1"
"7","7_139",-9.15,41.35,FALSE,"7.1"
"7","7_140",-9.15,41.3,FALSE,"7.1"
"7","7_141",-9.2,41.3,FALSE,"7.1"
"7","7_142",-9.2,41.25,FALSE,"7.1"
"7","7_143",-9.25,41.25,FALSE,"7.1"
"7","7_144",-9.25,41.2,FALSE,"7.1"
"7","7_145",-9.25,41.15,FALSE,"7.1"
"7","7_146",-9.3,41.15,FALSE,"7.1"
"7","7_147",-9.3,41.1,FALSE,"7.1"
"7","7_148",-9.3,41.05,FALSE,"7.1"
"7","7_149",-9.35,41.05,FALSE,"7.1"
"7","7_150",-9.35,41,FALSE,"7.1"
"7","7_151",-9.35,40.95,FALSE,"7.1"
"7","7_152",-9.35,40.9,FALSE,"7.1"
"7","7_153",-9.3,40.9,FALSE,"7.1"
"7","7_154",-9.3,40.85,FALSE,"7.1"
"7","7_155",-9.25,40.85,FALSE,"7.1"
"7","7_156",-9.25,40.8,FALSE,"7.1"
"7","7_157",-9.25,40.75,FALSE,"7.1"
"7","7_158",-9.25,40.7,FALSE,"7.1"
"7","7_159",-9.3,40.7,FALSE,"7.1"
"7","7_160",-9.3,40.65,FALSE,"7.1"
"7","7_161",-9.3,40.6,FALSE,"7.1"
"7","7_162",-9.3,40.55,FALSE,"7.1"
"7","7_163",-9.35,40.55,FALSE,"7.1"
"7","7_164",-9.35,40.5,FALSE,"7.1"
"7","7_165",-9.4,40.5,FALSE,"7.1"
"7","7_166",-9.45,40.5,FALSE,"7.1"
"7","7_167",-9.5,40.5,FALSE,"7.1"
"7","7_168",-9.5,40.45,FALSE,"7.1"
"7","7_169",-9.55,40.45,FALSE,"7.1"
"7","7_170",-9.55,40.4,FALSE,"7.1"
"7","7_171",-9.6,40.4,FALSE,"7.1"
"7","7_172",-9.65,40.4,FALSE,"7.1"
"7","7_173",-9.65,40.35,FALSE,"7.1"
"7","7_174",-9.6,40.35,FALSE,"7.1"
"7","7_175",-9.6,40.3,FALSE,"7.1"
"7","7_176",-9.6,40.25,FALSE,"7.1"
"7","7_177",-9.6,40.2,FALSE,"7.1"
"7","7_178",-9.6,40.15,FALSE,"7.1"
"7","7_179",-9.6,40.1,FALSE,"7.1"
"7","7_180",-9.6,40.05,FALSE,"7.1"
"7","7_181",-9.6,40,FALSE,"7.1"
"7","7_182",-9.65,40,FALSE,"7.1"
"7","7_183",-9.65,39.95,FALSE,"7.1"
"7","7_184",-9.65,39.9,FALSE,"7.1"
"7","7_185",-9.6,39.9,FALSE,"7.1"
"7","7_186",-9.6,39.85,FALSE,"7.1"
"7","7_187",-9.6,39.8,FALSE,"7.1"
"7","7_188",-9.55,39.8,FALSE,"7.1"
"7","7_189",-9.55,39.75,FALSE,"7.1"
"7","7_190",-9.55,39.7,FALSE,"7.1"
"7","7_191",-9.6,39.7,FALSE,"7.1"
"7","7_192",-9.65,39.7,FALSE,"7.1"
"7","7_193",-9.65,39.75,FALSE,"7.1"
"7","7_194",-9.65,39.8,FALSE,"7.1"
"7","7_195",-9.65,39.85,FALSE,"7.1"
"7","7_196",-9.7,39.85,FALSE,"7.1"
"7","7_197",-9.7,39.9,FALSE,"7.1"
"7","7_198",-9.7,39.95,FALSE,"7.1"
"7","7_199",-9.75,39.95,FALSE,"7.1"
"7","7_200",-9.75,40,FALSE,"7.1"
"7","7_201",-9.7,40,FALSE,"7.1"
"7","7_202",-9.7,40.05,FALSE,"7.1"
"7","7_203",-9.75,40.05,FALSE,"7.1"
"7","7_204",-9.75,40.1,FALSE,"7.1"
"7","7_205",-9.75,40.15,FALSE,"7.1"
"7","7_206",-9.75,40.2,FALSE,"7.1"
"7","7_207",-9.75,40.25,FALSE,"7.1"
"7","7_208",-9.7,40.25,FALSE,"7.1"
"7","7_209",-9.7,40.3,FALSE,"7.1"
"7","7_210",-9.75,40.3,FALSE,"7.1"
"7","7_211",-9.75,40.35,FALSE,"7.1"
"7","7_212",-9.75,40.4,FALSE,"7.1"
"7","7_213",-9.7,40.4,FALSE,"7.1"
"7","7_214",-9.7,40.45,FALSE,"7.1"
"7","7_215",-9.65,40.45,FALSE,"7.1"
"7","7_216",-9.65,40.5,FALSE,"7.1"
"7","7_217",-9.6,40.5,FALSE,"7.1"
"7","7_218",-9.55,40.5,FALSE,"7.1"
"7","7_219",-9.55,40.55,FALSE,"7.1"
"7","7_220",-9.5,40.55,FALSE,"7.1"
"7","7_221",-9.45,40.55,FALSE,"7.1"
"7","7_222",-9.4,40.55,FALSE,"7.1"
"7","7_223",-9.4,40.6,FALSE,"7.1"
"7","7_224",-9.4,40.65,FALSE,"7.1"
"7","7_225",-9.35,40.65,FALSE,"7.1"
"7","7_226",-9.35,40.7,FALSE,"7.1"
"7","7_227",-9.35,40.75,FALSE,"7.1"
"7","7_228",-9.35,40.8,FALSE,"7.1"
"7","7_229",-9.35,40.85,FALSE,"7.1"
"7","7_230",-9.35,40.9,FALSE,"7.1"
"7","7_231",-9.4,40.9,FALSE,"7.1"
"7","7_232",-9.4,40.85,FALSE,"7.1"
"7","7_233",-9.45,40.85,FALSE,"7.1"
"7","7_234",-9.45,40.9,FALSE,"7.1"
"7","7_235",-9.4,40.9,FALSE,"7.1"
"7","7_236",-9.4,40.95,FALSE,"7.1"
"7","7_237",-9.4,41,FALSE,"7.1"
"7","7_238",-9.45,41,FALSE,"7.1"
"7","7_239",-9.45,41.05,FALSE,"7.1"
"7","7_240",-9.4,41.05,FALSE,"7.1"
"7","7_241",-9.4,41.1,FALSE,"7.1"
"7","7_242",-9.35,41.1,FALSE,"7.1"
"7","7_243",-9.35,41.15,FALSE,"7.1"
"7","7_244",-9.3,41.15,FALSE,"7.1"
"7","7_245",-9.3,41.2,FALSE,"7.1"
"7","7_246",-9.35,41.2,FALSE,"7.1"
"7","7_247",-9.35,41.25,FALSE,"7.1"
"7","7_248",-9.3,41.25,FALSE,"7.1"
"7","7_249",-9.3,41.3,FALSE,"7.1"
"7","7_250",-9.3,41.35,FALSE,"7.1"
"7","7_251",-9.25,41.35,FALSE,"7.1"
"7","7_252",-9.25,41.4,FALSE,"7.1"
"7","7_253",-9.25,41.45,FALSE,"7.1"
"7","7_254",-9.3,41.45,FALSE,"7.1"
"7","7_255",-9.3,41.5,FALSE,"7.1"
"7","7_256",-9.3,41.55,FALSE,"7.1"
"7","7_257",-9.3,41.6,FALSE,"7.1"
"7","7_258",-9.35,41.6,FALSE,"7.1"
"7","7_259",-9.35,41.65,FALSE,"7.1"
"7","7_260",-9.4,41.65,FALSE,"7.1"
"7","7_261",-9.4,41.7,FALSE,"7.1"
"7","7_262",-9.4,41.75,FALSE,"7.1"
"7","7_263",-9.4,41.8,FALSE,"7.1"
"7","7_264",-9.4,41.85,FALSE,"7.1"
"7","7_265",-9.45,41.85,FALSE,"7.1"
"7","7_266",-9.45,41.9,FALSE,"7.1"
"7","7_267",-9.4,41.9,FALSE,"7.1"
"7","7_268",-9.4,41.95,FALSE,"7.1"
"7","7_269",-9.45,41.95,FALSE,"7.1"
"7","7_270",-9.45,42,FALSE,"7.1"
"7","7_271",-9.4,42,FALSE,"7.1"
"7","7_272",-9.4,42.05,FALSE,"7.1"
"7","7_273",-9.4,42.1,FALSE,"7.1"
"7","7_274",-9.45,42.1,FALSE,"7.1"
"7","7_275",-9.45,42.15,FALSE,"7.1"
"7","7_276",-9.5,42.15,FALSE,"7.1"
"7","7_277",-9.5,42.2,FALSE,"7.1"
"7","7_278",-9.5,42.25,FALSE,"7.1"
"7","7_279",-9.5,42.3,FALSE,"7.1"
"7","7_280",-9.5,42.35,FALSE,"7.1"
"7","7_281",-9.45,42.35,FALSE,"7.1"
"7","7_282",-9.45,42.4,FALSE,"7.1"
"7","7_283",-9.4,42.4,FALSE,"7.1"
"7","7_284",-9.4,42.45,FALSE,"7.1"
"7","7_285",-9.45,42.45,FALSE,"7.1"
"7","7_286",-9.45,42.5,FALSE,"7.1"
"7","7_287",-9.5,42.5,FALSE,"7.1"
"7","7_288",-9.5,42.55,FALSE,"7.1"
"7","7_289",-9.55,42.55,FALSE,"7.1"
"7","7_290",-9.55,42.6,FALSE,"7.1"
"7","7_291",-9.6,42.6,FALSE,"7.1"
"7","7_292",-9.6,42.65,FALSE,"7.1"
"7","7_293",-9.6,42.7,FALSE,"7.1"
"7","7_294",-9.6,42.75,FALSE,"7.1"
"7","7_295",-9.65,42.75,FALSE,"7.1"
"7","7_296",-9.65,42.8,FALSE,"7.1"
"7","7_297",-9.6,42.8,FALSE,"7.1"
"7","7_298",-9.6,42.85,FALSE,"7.1"
"7","7_299",-9.65,42.85,FALSE,"7.1"
"7","7_300",-9.65,42.9,FALSE,"7.1"
"7","7_301",-9.6,42.9,FALSE,"7.1"
"7","7_302",-9.6,42.95,FALSE,"7.1"
"7","7_303",-9.65,42.95,FALSE,"7.1"
"7","7_304",-9.65,43,FALSE,"7.1"
"7","7_305",-9.65,43.05,FALSE,"7.1"
"7","7_306",-9.65,43.1,FALSE,"7.1"
"7","7_307",-9.65,43.15,FALSE,"7.1"
"7","7_308",-9.65,43.2,FALSE,"7.1"
"7","7_309",-9.6,43.2,FALSE,"7.1"
"7","7_310",-9.6,43.25,FALSE,"7.1"
"7","7_311",-9.6,43.3,FALSE,"7.1"
"7","7_312",-9.55,43.3,FALSE,"7.1"
"7","7_313",-9.55,43.35,FALSE,"7.1"
"7","7_314",-9.5,43.35,FALSE,"7.1"
"7","7_315",-9.5,43.4,FALSE,"7.1"
"7","7_316",-9.5,43.45,FALSE,"7.1"
"7","7_317",-9.45,43.45,FALSE,"7.1"
"7","7_318",-9.45,43.4,FALSE,"7.1"
"7","7_319",-9.4,43.4,FALSE,"7.1"
"7","7_320",-9.4,43.45,FALSE,"7.1"
"7","7_321",-9.35,43.45,FALSE,"7.1"
"7","7_322",-9.3,43.45,FALSE,"7.1"
"7","7_323",-9.3,43.5,FALSE,"7.1"
"8","8_1",-3.65,43.65,FALSE,"8.1"
"8","8_2",-3.6,43.65,FALSE,"8.1"
"8","8_3",-3.6,43.6,FALSE,"8.1"
"8","8_4",-3.55,43.6,FALSE,"8.1"
"8","8_5",-3.5,43.6,FALSE,"8.1"
"8","8_6",-3.45,43.6,FALSE,"8.1"
"8","8_7",-3.4,43.6,FALSE,"8.1"
"8","8_8",-3.35,43.6,FALSE,"8.1"
"8","8_9",-3.3,43.6,FALSE,"8.1"
"8","8_10",-3.3,43.65,FALSE,"8.1"
"8","8_11",-3.25,43.65,FALSE,"8.1"
"8","8_12",-3.2,43.65,FALSE,"8.1"
"8","8_13",-3.15,43.65,FALSE,"8.1"
"8","8_14",-3.15,43.7,FALSE,"8.1"
"8","8_15",-3.1,43.7,FALSE,"8.1"
"8","8_16",-3.1,43.65,FALSE,"8.1"
"8","8_17",-3.05,43.65,FALSE,"8.1"
"8","8_18",-3,43.65,FALSE,"8.1"
"8","8_19",-2.95,43.65,FALSE,"8.1"
"8","8_20",-2.9,43.65,FALSE,"8.1"
"8","8_21",-2.85,43.65,FALSE,"8.1"
"8","8_22",-2.8,43.65,FALSE,"8.1"
"8","8_23",-2.8,43.6,FALSE,"8.1"
"8","8_24",-2.75,43.6,FALSE,"8.1"
"8","8_25",-2.75,43.65,FALSE,"8.1"
"8","8_26",-2.7,43.65,FALSE,"8.1"
"8","8_27",-2.65,43.65,FALSE,"8.1"
"8","8_28",-2.6,43.65,FALSE,"8.1"
"8","8_29",-2.55,43.65,FALSE,"8.1"
"8","8_30",-2.5,43.65,FALSE,"8.1"
"8","8_31",-2.5,43.6,FALSE,"8.1"
"8","8_32",-2.45,43.6,FALSE,"8.1"
"8","8_33",-2.45,43.65,FALSE,"8.1"
"8","8_34",-2.4,43.65,FALSE,"8.1"
"8","8_35",-2.4,43.6,FALSE,"8.1"
"8","8_36",-2.35,43.6,FALSE,"8.1"
"8","8_37",-2.35,43.65,FALSE,"8.1"
"8","8_38",-2.3,43.65,FALSE,"8.1"
"8","8_39",-2.25,43.65,FALSE,"8.1"
"8","8_40",-2.2,43.65,FALSE,"8.1"
"8","8_41",-2.15,43.65,FALSE,"8.1"
"8","8_42",-2.1,43.65,FALSE,"8.1"
"8","8_43",-2.1,43.6,FALSE,"8.1"
"8","8_44",-2.05,43.6,FALSE,"8.1"
"8","8_45",-2,43.6,FALSE,"8.1"
"8","8_46",-2,43.65,FALSE,"8.1"
"8","8_47",-2.05,43.65,FALSE,"8.1"
"8","8_48",-2.05,43.7,FALSE,"8.1"
"8","8_49",-2.1,43.7,FALSE,"8.1"
"8","8_50",-2.15,43.7,FALSE,"8.1"
"8","8_51",-2.15,43.75,FALSE,"8.1"
"8","8_52",-2.2,43.75,FALSE,"8.1"
"8","8_53",-2.25,43.75,FALSE,"8.1"
"8","8_54",-2.3,43.75,FALSE,"8.1"
"8","8_55",-2.3,43.8,FALSE,"8.1"
"8","8_56",-2.35,43.8,FALSE,"8.1"
"8","8_57",-2.35,43.85,FALSE,"8.1"
"8","8_58",-2.35,43.9,FALSE,"8.1"
"8","8_59",-2.35,43.95,FALSE,"8.1"
"8","8_60",-2.3,43.95,FALSE,"8.1"
"8","8_61",-2.3,43.9,FALSE,"8.1"
"8","8_62",-2.25,43.9,FALSE,"8.1"
"8","8_63",-2.25,43.95,FALSE,"8.1"
"8","8_64",-2.25,44,FALSE,"8.1"
"8","8_65",-2.2,44,FALSE,"8.1"
"8","8_66",-2.2,44.05,FALSE,"8.1"
"8","8_67",-2.2,44.1,FALSE,"8.1"
"8","8_68",-2.15,44.1,FALSE,"8.1"
"8","8_69",-2.15,44.15,FALSE,"8.1"
"8","8_70",-2.15,44.2,FALSE,"8.1"
"8","8_71",-2.15,44.25,FALSE,"8.1"
"8","8_72",-2.2,44.25,FALSE,"8.1"
"8","8_73",-2.2,44.3,FALSE,"8.1"
"8","8_74",-2.2,44.35,FALSE,"8.1"
"8","8_75",-2.2,44.4,FALSE,"8.1"
"8","8_76",-2.2,44.45,FALSE,"8.1"
"8","8_77",-2.2,44.5,FALSE,"8.1"
"8","8_78",-2.2,44.55,FALSE,"8.1"
"8","8_79",-2.25,44.55,FALSE,"8.1"
"8","8_80",-2.25,44.6,FALSE,"8.1"
"8","8_81",-2.3,44.6,FALSE,"8.1"
"8","8_82",-2.3,44.65,FALSE,"8.1"
"8","8_83",-2.25,44.65,FALSE,"8.1"
"8","8_84",-2.25,44.7,FALSE,"8.1"
"8","8_85",-2.2,44.7,FALSE,"8.1"
"8","8_86",-2.2,44.65,FALSE,"8.1"
"8","8_87",-2.15,44.65,FALSE,"8.1"
"8","8_88",-2.15,44.7,FALSE,"8.1"
"8","8_89",-2.15,44.75,FALSE,"8.1"
"8","8_90",-2.15,44.8,FALSE,"8.1"
"8","8_91",-2.2,44.8,FALSE,"8.1"
"8","8_92",-2.25,44.8,FALSE,"8.1"
"8","8_93",-2.25,44.85,FALSE,"8.1"
"8","8_94",-2.3,44.85,FALSE,"8.1"
"8","8_95",-2.3,44.9,FALSE,"8.1"
"8","8_96",-2.3,44.95,FALSE,"8.1"
"8","8_97",-2.35,44.95,FALSE,"8.1"
"8","8_98",-2.35,45,FALSE,"8.1"
"8","8_99",-2.4,45,FALSE,"8.1"
"8","8_100",-2.4,44.95,FALSE,"8.1"
"8","8_101",-2.45,44.95,FALSE,"8.1"
"8","8_102",-2.45,45,FALSE,"8.1"
"8","8_103",-2.45,45.05,FALSE,"8.1"
"8","8_104",-2.5,45.05,FALSE,"8.1"
"8","8_105",-2.5,45,FALSE,"8.1"
"8","8_106",-2.55,45,FALSE,"8.1"
"8","8_107",-2.6,45,FALSE,"8.1"
"8","8_108",-2.65,45,FALSE,"8.1"
"8","8_109",-2.65,44.95,FALSE,"8.1"
"8","8_110",-2.7,44.95,FALSE,"8.1"
"8","8_111",-2.7,45,FALSE,"8.1"
"8","8_112",-2.7,45.05,FALSE,"8.1"
"8","8_113",-2.75,45.05,FALSE,"8.1"
"8","8_114",-2.75,45,FALSE,"8.1"
"8","8_115",-2.8,45,FALSE,"8.1"
"8","8_116",-2.8,45.05,FALSE,"8.1"
"8","8_117",-2.85,45.05,FALSE,"8.1"
"8","8_118",-2.9,45.05,FALSE,"8.1"
"8","8_119",-2.9,45.1,FALSE,"8.1"
"8","8_120",-2.95,45.1,FALSE,"8.1"
"8","8_121",-3,45.1,FALSE,"8.1"
"8","8_122",-3.05,45.1,FALSE,"8.1"
"8","8_123",-3.05,45.15,FALSE,"8.1"
"8","8_124",-3.1,45.15,FALSE,"8.1"
"8","8_125",-3.15,45.15,FALSE,"8.1"
"8","8_126",-3.2,45.15,FALSE,"8.1"
"8","8_127",-3.2,45.2,FALSE,"8.1"
"8","8_128",-3.25,45.2,FALSE,"8.1"
"8","8_129",-3.3,45.2,FALSE,"8.1"
"8","8_130",-3.35,45.2,FALSE,"8.1"
"8","8_131",-3.35,45.25,FALSE,"8.1"
"8","8_132",-3.35,45.3,FALSE,"8.1"
"8","8_133",-3.35,45.35,FALSE,"8.1"
"8","8_134",-3.35,45.4,FALSE,"8.1"
"8","8_135",-3.3,45.4,FALSE,"8.1"
"8","8_136",-3.3,45.45,FALSE,"8.1"
"8","8_137",-3.35,45.45,FALSE,"8.1"
"8","8_138",-3.4,45.45,FALSE,"8.1"
"8","8_139",-3.4,45.5,FALSE,"8.1"
"8","8_140",-3.45,45.5,FALSE,"8.1"
"8","8_141",-3.5,45.5,FALSE,"8.1"
"8","8_142",-3.55,45.5,FALSE,"8.1"
"8","8_143",-3.55,45.55,FALSE,"8.1"
"8","8_144",-3.55,45.6,FALSE,"8.1"
"8","8_145",-3.55,45.65,FALSE,"8.1"
"8","8_146",-3.6,45.65,FALSE,"8.1"
"8","8_147",-3.65,45.65,FALSE,"8.1"
"8","8_148",-3.65,45.7,FALSE,"8.1"
"8","8_149",-3.65,45.75,FALSE,"8.1"
"8","8_150",-3.7,45.75,FALSE,"8.1"
"8","8_151",-3.75,45.75,FALSE,"8.1"
"8","8_152",-3.8,45.75,FALSE,"8.1"
"8","8_153",-3.8,45.8,FALSE,"8.1"
"8","8_154",-3.8,45.85,FALSE,"8.1"
"8","8_155",-3.85,45.85,FALSE,"8.1"
"8","8_156",-3.9,45.85,FALSE,"8.1"
"8","8_157",-3.95,45.85,FALSE,"8.1"
"8","8_158",-4,45.85,FALSE,"8.1"
"8","8_159",-4,45.9,FALSE,"8.1"
"8","8_160",-3.95,45.9,FALSE,"8.1"
"8","8_161",-3.95,45.95,FALSE,"8.1"
"8","8_162",-4,45.95,FALSE,"8.1"
"8","8_163",-4,46,FALSE,"8.1"
"8","8_164",-4.05,46,FALSE,"8.1"
"8","8_165",-4.1,46,FALSE,"8.1"
"8","8_166",-4.15,46,FALSE,"8.1"
"8","8_167",-4.15,46.05,FALSE,"8.1"
"8","8_168",-4.2,46.05,FALSE,"8.1"
"8","8_169",-4.2,46.1,FALSE,"8.1"
"8","8_170",-4.25,46.1,FALSE,"8.1"
"8","8_171",-4.25,46.15,FALSE,"8.1"
"8","8_172",-4.3,46.15,FALSE,"8.1"
"8","8_173",-4.3,46.2,FALSE,"8.1"
"8","8_174",-4.35,46.2,FALSE,"8.1"
"8","8_175",-4.35,46.25,FALSE,"8.1"
"8","8_176",-4.4,46.25,FALSE,"8.1"
"8","8_177",-4.45,46.25,FALSE,"8.1"
"8","8_178",-4.5,46.25,FALSE,"8.1"
"8","8_179",-4.55,46.25,FALSE,"8.1"
"8","8_180",-4.55,46.3,FALSE,"8.1"
"8","8_181",-4.6,46.3,FALSE,"8.1"
"8","8_182",-4.6,46.35,FALSE,"8.1"
"8","8_183",-4.65,46.35,FALSE,"8.1"
"8","8_184",-4.7,46.35,FALSE,"8.1"
"8","8_185",-4.75,46.35,FALSE,"8.1"
"8","8_186",-4.8,46.35,FALSE,"8.1"
"8","8_187",-4.8,46.4,FALSE,"8.1"
"8","8_188",-4.8,46.45,FALSE,"8.1"
"8","8_189",-4.85,46.45,FALSE,"8.1"
"8","8_190",-4.9,46.45,FALSE,"8.1"
"8","8_191",-4.9,46.5,FALSE,"8.1"
"8","8_192",-4.95,46.5,FALSE,"8.1"
"8","8_193",-5,46.5,FALSE,"8.1"
"8","8_194",-5,46.55,FALSE,"8.1"
"8","8_195",-5,46.6,FALSE,"8.1"
"8","8_196",-5,46.65,FALSE,"8.1"
"8","8_197",-5.05,46.65,FALSE,"8.1"
"8","8_198",-5.1,46.65,FALSE,"8.1"
"8","8_199",-5.1,46.7,FALSE,"8.1"
"8","8_200",-5.15,46.7,FALSE,"8.1"
"8","8_201",-5.15,46.75,FALSE,"8.1"
"8","8_202",-5.2,46.75,FALSE,"8.1"
"8","8_203",-5.25,46.75,FALSE,"8.1"
"8","8_204",-5.3,46.75,FALSE,"8.1"
"8","8_205",-5.35,46.75,FALSE,"8.1"
"8","8_206",-5.35,46.8,FALSE,"8.1"
"8","8_207",-5.35,46.85,FALSE,"8.1"
"8","8_208",-5.35,46.9,FALSE,"8.1"
"8","8_209",-5.4,46.9,FALSE,"8.1"
"8","8_210",-5.45,46.9,FALSE,"8.1"
"8","8_211",-5.5,46.9,FALSE,"8.1"
"8","8_212",-5.55,46.9,FALSE,"8.1"
"8","8_213",-5.55,46.85,FALSE,"8.1"
"8","8_214",-5.6,46.85,FALSE,"8.1"
"8","8_215",-5.6,46.9,FALSE,"8.1"
"8","8_216",-5.6,46.95,FALSE,"8.1"
"8","8_217",-5.65,46.95,FALSE,"8.1"
"8","8_218",-5.7,46.95,FALSE,"8.1"
"8","8_219",-5.75,46.95,FALSE,"8.1"
"8","8_220",-5.8,46.95,FALSE,"8.1"
"8","8_221",-5.8,47,FALSE,"8.1"
"8","8_222",-5.8,47.05,FALSE,"8.1"
"8","8_223",-5.75,47.05,FALSE,"8.1"
"8","8_224",-5.75,47.1,FALSE,"8.1"
"8","8_225",-5.8,47.1,FALSE,"8.1"
"8","8_226",-5.8,47.15,FALSE,"8.1"
"8","8_227",-5.8,47.2,FALSE,"8.1"
"8","8_228",-5.85,47.2,FALSE,"8.1"
"8","8_229",-5.85,47.15,FALSE,"8.1"
"8","8_230",-5.9,47.15,FALSE,"8.1"
"8","8_231",-5.95,47.15,FALSE,"8.1"
"8","8_232",-6,47.15,FALSE,"8.1"
"8","8_233",-6.05,47.15,FALSE,"8.1"
"8","8_234",-6.05,47.2,FALSE,"8.1"
"8","8_235",-6.1,47.2,FALSE,"8.1"
"8","8_236",-6.15,47.2,FALSE,"8.1"
"8","8_237",-6.15,47.25,FALSE,"8.1"
"8","8_238",-6.2,47.25,FALSE,"8.1"
"8","8_239",-6.25,47.25,FALSE,"8.1"
"8","8_240",-6.25,47.3,FALSE,"8.1"
"8","8_241",-6.3,47.3,FALSE,"8.1"
"8","8_242",-6.35,47.3,FALSE,"8.1"
"8","8_243",-6.4,47.3,FALSE,"8.1"
"8","8_244",-6.4,47.35,FALSE,"8.1"
"8","8_245",-6.45,47.35,FALSE,"8.1"
"8","8_246",-6.5,47.35,FALSE,"8.1"
"8","8_247",-6.55,47.35,FALSE,"8.1"
"8","8_248",-6.6,47.35,FALSE,"8.1"
"8","8_249",-6.65,47.35,FALSE,"8.1"
"8","8_250",-6.65,47.4,FALSE,"8.1"
"8","8_251",-6.7,47.4,FALSE,"8.1"
"8","8_252",-6.75,47.4,FALSE,"8.1"
"8","8_253",-6.8,47.4,FALSE,"8.1"
"8","8_254",-6.85,47.4,FALSE,"8.1"
"8","8_255",-6.85,47.45,FALSE,"8.1"
"8","8_256",-6.9,47.45,FALSE,"8.1"
"8","8_257",-6.95,47.45,FALSE,"8.1"
"8","8_258",-6.95,47.4,FALSE,"8.1"
"8","8_259",-7,47.4,FALSE,"8.1"
"8","8_260",-7,47.45,FALSE,"8.1"
"8","8_261",-7.05,47.45,FALSE,"8.1"
"8","8_262",-7.1,47.45,FALSE,"8.1"
"8","8_263",-7.15,47.45,FALSE,"8.1"
"8","8_264",-7.2,47.45,FALSE,"8.1"
"8","8_265",-7.25,47.45,FALSE,"8.1"
"8","8_266",-7.3,47.45,FALSE,"8.1"
"8","8_267",-7.35,47.45,FALSE,"8.1"
"8","8_268",-7.35,47.5,FALSE,"8.1"
"8","8_269",-7.4,47.5,FALSE,"8.1"
"8","8_270",-7.4,47.55,FALSE,"8.1"
"8","8_271",-7.45,47.55,FALSE,"8.1"
"8","8_272",-7.5,47.55,FALSE,"8.1"
"8","8_273",-7.55,47.55,FALSE,"8.1"
"8","8_274",-7.6,47.55,FALSE,"8.1"
"8","8_275",-7.6,47.6,FALSE,"8.1"
"8","8_276",-7.65,47.6,FALSE,"8.1"
"8","8_277",-7.65,47.65,FALSE,"8.1"
"8","8_278",-7.65,47.7,FALSE,"8.1"
"8","8_279",-7.6,47.7,FALSE,"8.1"
"8","8_280",-7.6,47.75,FALSE,"8.1"
"8","8_281",-7.65,47.75,FALSE,"8.1"
"8","8_282",-7.65,47.8,FALSE,"8.1"
"8","8_283",-7.7,47.8,FALSE,"8.1"
"8","8_284",-7.7,47.75,FALSE,"8.1"
"8","8_285",-7.7,47.7,FALSE,"8.1"
"8","8_286",-7.75,47.7,FALSE,"8.1"
"8","8_287",-7.75,47.75,FALSE,"8.1"
"8","8_288",-7.8,47.75,FALSE,"8.1"
"8","8_289",-7.8,47.7,FALSE,"8.1"
"8","8_290",-7.85,47.7,FALSE,"8.1"
"8","8_291",-7.9,47.7,FALSE,"8.1"
"8","8_292",-7.95,47.7,FALSE,"8.1"
"8","8_293",-8,47.7,FALSE,"8.1"
"8","8_294",-8.05,47.7,FALSE,"8.1"
"8","8_295",-8.05,47.75,FALSE,"8.1"
"8","8_296",-8.1,47.75,FALSE,"8.1"
"8","8_297",-8.1,47.8,FALSE,"8.1"
"8","8_298",-8.1,47.85,FALSE,"8.1"
"8","8_299",-8.15,47.85,FALSE,"8.1"
"8","8_300",-8.15,47.9,FALSE,"8.1"
"8","8_301",-8.2,47.9,FALSE,"8.1"
"8","8_302",-8.2,47.95,FALSE,"8.1"
"8","8_303",-8.25,47.95,FALSE,"8.1"
"8","8_304",-8.3,47.95,FALSE,"8.1"
"8","8_305",-8.35,47.95,FALSE,"8.1"
"8","8_306",-8.35,48,FALSE,"8.1"
"8","8_307",-8.4,48,FALSE,"8.1"
"8","8_308",-8.45,48,FALSE,"8.1"
"8","8_309",-8.5,48,FALSE,"8.1"
"8","8_310",-8.5,47.95,FALSE,"8.1"
"8","8_311",-8.55,47.95,FALSE,"8.1"
"8","8_312",-8.6,47.95,FALSE,"8.1"
"8","8_313",-8.6,48,FALSE,"8.1"
"8","8_314",-8.65,48,FALSE,"8.1"
"8","8_315",-8.7,48,FALSE,"8.1"
"8","8_316",-8.75,48,FALSE,"8.1"
"8","8_317",-8.75,48.05,FALSE,"8.1"
"8","8_318",-8.8,48.05,FALSE,"8.1"
"8","8_319",-8.8,48.1,FALSE,"8.1"
"8","8_320",-8.85,48.1,FALSE,"8.1"
"8","8_321",-8.9,48.1,FALSE,"8.1"
"8","8_322",-8.95,48.1,FALSE,"8.1"
"8","8_323",-9,48.1,FALSE,"8.1"
"8","8_324",-9.05,48.1,FALSE,"8.1"
"8","8_325",-9.05,48.15,FALSE,"8.1"
"8","8_326",-9.1,48.15,FALSE,"8.1"
"8","8_327",-9.15,48.15,FALSE,"8.1"
"8","8_328",-9.15,48.1,FALSE,"8.1"
"8","8_329",-9.2,48.1,FALSE,"8.1"
"8","8_330",-9.25,48.1,FALSE,"8.1"
"8","8_331",-9.3,48.1,FALSE,"8.1"
"8","8_332",-9.35,48.1,FALSE,"8.1"
"8","8_333",-9.4,48.1,FALSE,"8.1"
"8","8_334",-9.45,48.1,FALSE,"8.1"
"8","8_335",-9.45,48.05,FALSE,"8.1"
"8","8_336",-9.5,48.05,FALSE,"8.1"
"8","8_337",-9.5,48.1,FALSE,"8.1"
"8","8_338",-9.55,48.1,FALSE,"8.1"
"8","8_339",-9.6,48.1,FALSE,"8.1"
"8","8_340",-9.606,48.1,FALSE,"8.1"
"8","8_341",-9,48.27,FALSE,"8.1"
"8","8_342",-9,48.25,FALSE,"8.1"
"8","8_343",-8.95,48.25,FALSE,"8.1"
"8","8_344",-8.9,48.25,FALSE,"8.1"
"8","8_345",-8.85,48.25,FALSE,"8.1"
"8","8_346",-8.8,48.25,FALSE,"8.1"
"8","8_347",-8.8,48.2,FALSE,"8.1"
"8","8_348",-8.75,48.2,FALSE,"8.1"
"8","8_349",-8.75,48.25,FALSE,"8.1"
"8","8_350",-8.7,48.25,FALSE,"8.1"
"8","8_351",-8.65,48.25,FALSE,"8.1"
"8","8_352",-8.65,48.2,FALSE,"8.1"
"8","8_353",-8.65,48.15,FALSE,"8.1"
"8","8_354",-8.65,48.1,FALSE,"8.1"
"8","8_355",-8.6,48.1,FALSE,"8.1"
"8","8_356",-8.6,48.15,FALSE,"8.1"
"8","8_357",-8.55,48.15,FALSE,"8.1"
"8","8_358",-8.5,48.15,FALSE,"8.1"
"8","8_359",-8.45,48.15,FALSE,"8.1"
"8","8_360",-8.45,48.2,FALSE,"8.1"
"8","8_361",-8.4,48.2,FALSE,"8.1"
"8","8_362",-8.35,48.2,FALSE,"8.1"
"8","8_363",-8.35,48.15,FALSE,"8.1"
"8","8_364",-8.3,48.15,FALSE,"8.1"
"8","8_365",-8.3,48.2,FALSE,"8.1"
"8","8_366",-8.25,48.2,FALSE,"8.1"
"8","8_367",-8.2,48.2,FALSE,"8.1"
"8","8_368",-8.15,48.2,FALSE,"8.1"
"8","8_369",-8.15,48.15,FALSE,"8.1"
"8","8_370",-8.2,48.15,FALSE,"8.1"
"8","8_371",-8.2,48.1,FALSE,"8.1"
"8","8_372",-8.15,48.1,FALSE,"8.1"
"8","8_373",-8.15,48.05,FALSE,"8.1"
"8","8_374",-8.1,48.05,FALSE,"8.1"
"8","8_375",-8.05,48.05,FALSE,"8.1"
"8","8_376",-8.05,48,FALSE,"8.1"
"8","8_377",-8,48,FALSE,"8.1"
"8","8_378",-7.95,48,FALSE,"8.1"
"8","8_379",-7.9,48,FALSE,"8.1"
"8","8_380",-7.9,47.95,FALSE,"8.1"
"8","8_381",-7.85,47.95,FALSE,"8.1"
"8","8_382",-7.8,47.95,FALSE,"8.1"
"8","8_383",-7.75,47.95,FALSE,"8.1"
"8","8_384",-7.7,47.95,FALSE,"8.1"
"8","8_385",-7.65,47.95,FALSE,"8.1"
"8","8_386",-7.6,47.95,FALSE,"8.1"
"8","8_387",-7.6,47.9,FALSE,"8.1"
"8","8_388",-7.55,47.9,FALSE,"8.1"
"8","8_389",-7.55,47.85,FALSE,"8.1"
"8","8_390",-7.55,47.8,FALSE,"8.1"
"8","8_391",-7.5,47.8,FALSE,"8.1"
"8","8_392",-7.5,47.75,FALSE,"8.1"
"8","8_393",-7.5,47.7,FALSE,"8.1"
"8","8_394",-7.45,47.7,FALSE,"8.1"
"8","8_395",-7.45,47.65,FALSE,"8.1"
"8","8_396",-7.4,47.65,FALSE,"8.1"
"8","8_397",-7.35,47.65,FALSE,"8.1"
"8","8_398",-7.35,47.6,FALSE,"8.1"
"8","8_399",-7.3,47.6,FALSE,"8.1"
"8","8_400",-7.25,47.6,FALSE,"8.1"
"8","8_401",-7.2,47.6,FALSE,"8.1"
"8","8_402",-7.15,47.6,FALSE,"8.1"
"8","8_403",-7.1,47.6,FALSE,"8.1"
"8","8_404",-7.05,47.6,FALSE,"8.1"
"8","8_405",-7,47.6,FALSE,"8.1"
"8","8_406",-7,47.55,FALSE,"8.1"
"8","8_407",-6.95,47.55,FALSE,"8.1"
"8","8_408",-6.9,47.55,FALSE,"8.1"
"8","8_409",-6.85,47.55,FALSE,"8.1"
"8","8_410",-6.8,47.55,FALSE,"8.1"
"8","8_411",-6.8,47.5,FALSE,"8.1"
"8","8_412",-6.75,47.5,FALSE,"8.1"
"8","8_413",-6.7,47.5,FALSE,"8.1"
"8","8_414",-6.65,47.5,FALSE,"8.1"
"8","8_415",-6.6,47.5,FALSE,"8.1"
"8","8_416",-6.55,47.5,FALSE,"8.1"
"8","8_417",-6.5,47.5,FALSE,"8.1"
"8","8_418",-6.5,47.45,FALSE,"8.1"
"8","8_419",-6.45,47.45,FALSE,"8.1"
"8","8_420",-6.4,47.45,FALSE,"8.1"
"8","8_421",-6.4,47.4,FALSE,"8.1"
"8","8_422",-6.35,47.4,FALSE,"8.1"
"8","8_423",-6.3,47.4,FALSE,"8.1"
"8","8_424",-6.25,47.4,FALSE,"8.1"
"8","8_425",-6.2,47.4,FALSE,"8.1"
"8","8_426",-6.2,47.35,FALSE,"8.1"
"8","8_427",-6.15,47.35,FALSE,"8.1"
"8","8_428",-6.15,47.3,FALSE,"8.1"
"8","8_429",-6.1,47.3,FALSE,"8.1"
"8","8_430",-6.05,47.3,FALSE,"8.1"
"8","8_431",-6.05,47.25,FALSE,"8.1"
"8","8_432",-6,47.25,FALSE,"8.1"
"8","8_433",-5.95,47.25,FALSE,"8.1"
"8","8_434",-5.9,47.25,FALSE,"8.1"
"8","8_435",-5.85,47.25,FALSE,"8.1"
"8","8_436",-5.8,47.25,FALSE,"8.1"
"8","8_437",-5.75,47.25,FALSE,"8.1"
"8","8_438",-5.7,47.25,FALSE,"8.1"
"8","8_439",-5.65,47.25,FALSE,"8.1"
"8","8_440",-5.65,47.2,FALSE,"8.1"
"8","8_441",-5.6,47.2,FALSE,"8.1"
"8","8_442",-5.6,47.15,FALSE,"8.1"
"8","8_443",-5.6,47.1,FALSE,"8.1"
"8","8_444",-5.6,47.05,FALSE,"8.1"
"8","8_445",-5.55,47.05,FALSE,"8.1"
"8","8_446",-5.5,47.05,FALSE,"8.1"
"8","8_447",-5.45,47.05,FALSE,"8.1"
"8","8_448",-5.4,47.05,FALSE,"8.1"
"8","8_449",-5.4,47,FALSE,"8.1"
"8","8_450",-5.35,47,FALSE,"8.1"
"8","8_451",-5.3,47,FALSE,"8.1"
"8","8_452",-5.25,47,FALSE,"8.1"
"8","8_453",-5.25,46.95,FALSE,"8.1"
"8","8_454",-5.25,46.9,FALSE,"8.1"
"8","8_455",-5.25,46.85,FALSE,"8.1"
"8","8_456",-5.2,46.85,FALSE,"8.1"
"8","8_457",-5.15,46.85,FALSE,"8.1"
"8","8_458",-5.1,46.85,FALSE,"8.1"
"8","8_459",-5.05,46.85,FALSE,"8.1"
"8","8_460",-5,46.85,FALSE,"8.1"
"8","8_461",-5,46.8,FALSE,"8.1"
"8","8_462",-5,46.75,FALSE,"8.1"
"8","8_463",-4.95,46.75,FALSE,"8.1"
"8","8_464",-4.9,46.75,FALSE,"8.1"
"8","8_465",-4.85,46.75,FALSE,"8.1"
"8","8_466",-4.85,46.7,FALSE,"8.1"
"8","8_467",-4.8,46.7,FALSE,"8.1"
"8","8_468",-4.8,46.65,FALSE,"8.1"
"8","8_469",-4.85,46.65,FALSE,"8.1"
"8","8_470",-4.85,46.6,FALSE,"8.1"
"8","8_471",-4.85,46.55,FALSE,"8.1"
"8","8_472",-4.8,46.55,FALSE,"8.1"
"8","8_473",-4.75,46.55,FALSE,"8.1"
"8","8_474",-4.7,46.55,FALSE,"8.1"
"8","8_475",-4.7,46.5,FALSE,"8.1"
"8","8_476",-4.65,46.5,FALSE,"8.1"
"8","8_477",-4.65,46.45,FALSE,"8.1"
"8","8_478",-4.6,46.45,FALSE,"8.1"
"8","8_479",-4.55,46.45,FALSE,"8.1"
"8","8_480",-4.55,46.4,FALSE,"8.1"
"8","8_481",-4.5,46.4,FALSE,"8.1"
"8","8_482",-4.45,46.4,FALSE,"8.1"
"8","8_483",-4.4,46.4,FALSE,"8.1"
"8","8_484",-4.4,46.35,FALSE,"8.1"
"8","8_485",-4.35,46.35,FALSE,"8.1"
"8","8_486",-4.3,46.35,FALSE,"8.1"
"8","8_487",-4.25,46.35,FALSE,"8.1"
"8","8_488",-4.25,46.3,FALSE,"8.1"
"8","8_489",-4.25,46.25,FALSE,"8.1"
"8","8_490",-4.25,46.2,FALSE,"8.1"
"8","8_491",-4.2,46.2,FALSE,"8.1"
"8","8_492",-4.15,46.2,FALSE,"8.1"
"8","8_493",-4.15,46.15,FALSE,"8.1"
"8","8_494",-4.1,46.15,FALSE,"8.1"
"8","8_495",-4.05,46.15,FALSE,"8.1"
"8","8_496",-4.05,46.1,FALSE,"8.1"
"8","8_497",-4,46.1,FALSE,"8.1"
"8","8_498",-4,46.05,FALSE,"8.1"
"8","8_499",-3.95,46.05,FALSE,"8.1"
"8","8_500",-3.9,46.05,FALSE,"8.1"
"8","8_501",-3.9,46,FALSE,"8.1"
"8","8_502",-3.85,46,FALSE,"8.1"
"8","8_503",-3.85,45.95,FALSE,"8.1"
"8","8_504",-3.8,45.95,FALSE,"8.1"
"8","8_505",-3.75,45.95,FALSE,"8.1"
"8","8_506",-3.75,45.9,FALSE,"8.1"
"8","8_507",-3.75,45.85,FALSE,"8.1"
"8","8_508",-3.75,45.8,FALSE,"8.1"
"8","8_509",-3.7,45.8,FALSE,"8.1"
"8","8_510",-3.65,45.8,FALSE,"8.1"
"8","8_511",-3.6,45.8,FALSE,"8.1"
"8","8_512",-3.6,45.75,FALSE,"8.1"
"8","8_513",-3.55,45.75,FALSE,"8.1"
"8","8_514",-3.55,45.7,FALSE,"8.1"
"8","8_515",-3.5,45.7,FALSE,"8.1"
"8","8_516",-3.5,45.65,FALSE,"8.1"
"8","8_517",-3.45,45.65,FALSE,"8.1"
"8","8_518",-3.45,45.6,FALSE,"8.1"
"8","8_519",-3.4,45.6,FALSE,"8.1"
"8","8_520",-3.4,45.55,FALSE,"8.1"
"8","8_521",-3.35,45.55,FALSE,"8.1"
"8","8_522",-3.35,45.5,FALSE,"8.1"
"8","8_523",-3.3,45.5,FALSE,"8.1"
"8","8_524",-3.25,45.5,FALSE,"8.1"
"8","8_525",-3.25,45.45,FALSE,"8.1"
"8","8_526",-3.25,45.4,FALSE,"8.1"
"8","8_527",-3.2,45.4,FALSE,"8.1"
"8","8_528",-3.2,45.35,FALSE,"8.1"
"8","8_529",-3.15,45.35,FALSE,"8.1"
"8","8_530",-3.15,45.3,FALSE,"8.1"
"8","8_531",-3.1,45.3,FALSE,"8.1"
"8","8_532",-3.1,45.25,FALSE,"8.1"
"8","8_533",-3.05,45.25,FALSE,"8.1"
"8","8_534",-3,45.25,FALSE,"8.1"
"8","8_535",-3,45.2,FALSE,"8.1"
"8","8_536",-2.95,45.2,FALSE,"8.1"
"8","8_537",-2.95,45.15,FALSE,"8.1"
"8","8_538",-2.9,45.15,FALSE,"8.1"
"8","8_539",-2.85,45.15,FALSE,"8.1"
"8","8_540",-2.8,45.15,FALSE,"8.1"
"8","8_541",-2.75,45.15,FALSE,"8.1"
"8","8_542",-2.7,45.15,FALSE,"8.1"
"8","8_543",-2.65,45.15,FALSE,"8.1"
"8","8_544",-2.65,45.1,FALSE,"8.1"
"8","8_545",-2.6,45.1,FALSE,"8.1"
"8","8_546",-2.55,45.1,FALSE,"8.1"
"8","8_547",-2.5,45.1,FALSE,"8.1"
"8","8_548",-2.45,45.1,FALSE,"8.1"
"8","8_549",-2.4,45.1,FALSE,"8.1"
"8","8_550",-2.4,45.05,FALSE,"8.1"
"8","8_551",-2.35,45.05,FALSE,"8.1"
"8","8_552",-2.3,45.05,FALSE,"8.1"
"8","8_553",-2.3,45,FALSE,"8.1"
"8","8_554",-2.25,45,FALSE,"8.1"
"8","8_555",-2.25,44.95,FALSE,"8.1"
"8","8_556",-2.25,44.9,FALSE,"8.1"
"8","8_557",-2.2,44.9,FALSE,"8.1"
"8","8_558",-2.15,44.9,FALSE,"8.1"
"8","8_559",-2.1,44.9,FALSE,"8.1"
"8","8_560",-2.1,44.85,FALSE,"8.1"
"8","8_561",-2.05,44.85,FALSE,"8.1"
"8","8_562",-2.05,44.8,FALSE,"8.1"
"8","8_563",-2.05,44.75,FALSE,"8.1"
"8","8_564",-2,44.75,FALSE,"8.1"
"8","8_565",-2,44.7,FALSE,"8.1"
"8","8_566",-2,44.65,FALSE,"8.1"
"8","8_567",-2,44.6,FALSE,"8.1"
"8","8_568",-2,44.55,FALSE,"8.1"
"8","8_569",-2.05,44.55,FALSE,"8.1"
"8","8_570",-2.05,44.5,FALSE,"8.1"
"8","8_571",-2.05,44.45,FALSE,"8.1"
"8","8_572",-2.1,44.45,FALSE,"8.1"
"8","8_573",-2.1,44.4,FALSE,"8.1"
"8","8_574",-2.05,44.4,FALSE,"8.1"
"8","8_575",-2.05,44.35,FALSE,"8.1"
"8","8_576",-2.05,44.3,FALSE,"8.1"
"8","8_577",-2.05,44.25,FALSE,"8.1"
"8","8_578",-2,44.25,FALSE,"8.1"
"8","8_579",-2,44.2,FALSE,"8.1"
"8","8_580",-2.05,44.2,FALSE,"8.1"
"8","8_581",-2.05,44.15,FALSE,"8.1"
"8","8_582",-2.05,44.1,FALSE,"8.1"
"8","8_583",-2.05,44.05,FALSE,"8.1"
"8","8_584",-2.1,44.05,FALSE,"8.1"
"8","8_585",-2.1,44,FALSE,"8.1"
"8","8_586",-2.1,43.95,FALSE,"8.1"
"8","8_587",-2.1,43.9,FALSE,"8.1"
"8","8_588",-2.05,43.9,FALSE,"8.1"
"8","8_589",-2,43.9,FALSE,"8.1"
"8","8_590",-2,43.85,FALSE,"8.1"
"8","8_591",-2,43.8,FALSE,"8.1"
"8","8_592",-2,43.75,FALSE,"8.1"
"8","8_593",-1.95,43.75,FALSE,"8.1"
"8","8_594",-1.95,43.7,FALSE,"8.1"
"8","8_595",-1.9,43.7,FALSE,"8.1"
"8","8_596",-1.85,43.7,FALSE,"8.1"
"8","8_597",-1.8,43.7,FALSE,"8.1"
"8","8_598",-1.8,43.65,FALSE,"8.1"
"8","8_599",-1.75,43.65,FALSE,"8.1"
"8","8_600",-1.7,43.65,FALSE,"8.1"
"8","8_601",-1.7,43.7,FALSE,"8.1"
"8","8_602",-1.65,43.7,FALSE,"8.1"
"8","8_603",-1.6,43.7,FALSE,"8.1"
"8","8_604",-1.55,43.7,FALSE,"8.1"
"8","8_605",-1.55,43.65,FALSE,"8.1"
"8","8_606",-1.6,43.65,FALSE,"8.1"
"8","8_607",-1.6,43.6,FALSE,"8.1"
"8","8_608",-1.65,43.6,FALSE,"8.1"
"8","8_609",-1.7,43.6,FALSE,"8.1"
"8","8_610",-1.7,43.55,FALSE,"8.1"
"8","8_611",-1.75,43.55,FALSE,"8.1"
"8","8_612",-1.8,43.55,FALSE,"8.1"
"8","8_613",-1.85,43.55,FALSE,"8.1"
"8","8_614",-1.9,43.55,FALSE,"8.1"
"8","8_615",-1.95,43.55,FALSE,"8.1"
"8","8_616",-2,43.55,FALSE,"8.1"
"8","8_617",-2,43.5,FALSE,"8.1"
"8","8_618",-2.05,43.5,FALSE,"8.1"
"8","8_619",-2.05,43.55,FALSE,"8.1"
"8","8_620",-2.1,43.55,FALSE,"8.1"
"8","8_621",-2.1,43.5,FALSE,"8.1"
"8","8_622",-2.15,43.5,FALSE,"8.1"
"8","8_623",-2.2,43.5,FALSE,"8.1"
"8","8_624",-2.2,43.55,FALSE,"8.1"
"8","8_625",-2.25,43.55,FALSE,"8.1"
"8","8_626",-2.3,43.55,FALSE,"8.1"
"8","8_627",-2.3,43.5,FALSE,"8.1"
"8","8_628",-2.35,43.5,FALSE,"8.1"
"8","8_629",-2.4,43.5,FALSE,"8.1"
"8","8_630",-2.45,43.5,FALSE,"8.1"
"8","8_631",-2.5,43.5,FALSE,"8.1"
"8","8_632",-2.55,43.5,FALSE,"8.1"
"8","8_633",-2.55,43.55,FALSE,"8.1"
"8","8_634",-2.6,43.55,FALSE,"8.1"
"8","8_635",-2.65,43.55,FALSE,"8.1"
"8","8_636",-2.65,43.6,FALSE,"8.1"
"8","8_637",-2.7,43.6,FALSE,"8.1"
"8","8_638",-2.7,43.55,FALSE,"8.1"
"8","8_639",-2.75,43.55,FALSE,"8.1"
"8","8_640",-2.8,43.55,FALSE,"8.1"
"8","8_641",-2.85,43.55,FALSE,"8.1"
"8","8_642",-2.9,43.55,FALSE,"8.1"
"8","8_643",-2.95,43.55,FALSE,"8.1"
"8","8_644",-3,43.55,FALSE,"8.1"
"8","8_645",-3,43.6,FALSE,"8.1"
"8","8_646",-3.05,43.6,FALSE,"8.1"
"8","8_647",-3.05,43.55,FALSE,"8.1"
"8","8_648",-3.1,43.55,FALSE,"8.1"
"8","8_649",-3.15,43.55,FALSE,"8.1"
"8","8_650",-3.2,43.55,FALSE,"8.1"
"8","8_651",-3.25,43.55,FALSE,"8.1"
"8","8_652",-3.3,43.55,FALSE,"8.1"
"8","8_653",-3.35,43.55,FALSE,"8.1"
"8","8_654",-3.4,43.55,FALSE,"8.1"
"8","8_655",-3.45,43.55,FALSE,"8.1"
"8","8_656",-3.5,43.55,FALSE,"8.1"
"8","8_657",-3.55,43.55,FALSE,"8.1"
"8","8_658",-3.6,43.55,FALSE,"8.1"
"8","8_659",-3.6,43.6,FALSE,"8.1"
"8","8_660",-3.65,43.6,FALSE,"8.1"
"8","8_661",-3.65,43.65,FALSE,"8.1"
"8","8_662",-3.7,43.65,FALSE,"8.1"
"8","8_663",-3.75,43.65,FALSE,"8.1"
"8","8_664",-3.8,43.65,FALSE,"8.1"
"8","8_665",-3.8,43.6,FALSE,"8.1"
"8","8_666",-3.85,43.6,FALSE,"8.1"
"8","8_667",-3.9,43.6,FALSE,"8.1"
"8","8_668",-3.9,43.55,FALSE,"8.1"
"8","8_669",-3.95,43.55,FALSE,"8.1"
"8","8_670",-4,43.55,FALSE,"8.1"
"8","8_671",-4,43.5,FALSE,"8.1"
"8","8_672",-4.05,43.5,FALSE,"8.1"
"8","8_673",-4.05,43.55,FALSE,"8.1"
"8","8_674",-4.1,43.55,FALSE,"8.1"
"8","8_675",-4.15,43.55,FALSE,"8.1"
"8","8_676",-4.2,43.55,FALSE,"8.1"
"8","8_677",-4.25,43.55,FALSE,"8.1"
"8","8_678",-4.3,43.55,FALSE,"8.1"
"8","8_679",-4.3,43.5,FALSE,"8.1"
"8","8_680",-4.35,43.5,FALSE,"8.1"
"8","8_681",-4.4,43.5,FALSE,"8.1"
"8","8_682",-4.4,43.55,FALSE,"8.1"
"8","8_683",-4.45,43.55,FALSE,"8.1"
"8","8_684",-4.45,43.5,FALSE,"8.1"
"8","8_685",-4.5,43.5,FALSE,"8.1"
"8","8_686",-4.55,43.5,FALSE,"8.1"
"8","8_687",-4.6,43.5,FALSE,"8.1"
"8","8_688",-4.6,43.55,FALSE,"8.1"
"8","8_689",-4.6,43.6,FALSE,"8.1"
"8","8_690",-4.55,43.6,FALSE,"8.1"
"8","8_691",-4.55,43.65,FALSE,"8.1"
"8","8_692",-4.55,43.7,FALSE,"8.1"
"8","8_693",-4.6,43.7,FALSE,"8.1"
"8","8_694",-4.65,43.7,FALSE,"8.1"
"8","8_695",-4.65,43.65,FALSE,"8.1"
"8","8_696",-4.7,43.65,FALSE,"8.1"
"8","8_697",-4.75,43.65,FALSE,"8.1"
"8","8_698",-4.8,43.65,FALSE,"8.1"
"8","8_699",-4.85,43.65,FALSE,"8.1"
"8","8_700",-4.9,43.65,FALSE,"8.1"
"8","8_701",-4.9,43.6,FALSE,"8.1"
"8","8_702",-4.95,43.6,FALSE,"8.1"
"8","8_703",-5,43.6,FALSE,"8.1"
"8","8_704",-5,43.65,FALSE,"8.1"
"8","8_705",-5.05,43.65,FALSE,"8.1"
"8","8_706",-5.05,43.6,FALSE,"8.1"
"8","8_707",-5.1,43.6,FALSE,"8.1"
"8","8_708",-5.1,43.65,FALSE,"8.1"
"8","8_709",-5.1,43.7,FALSE,"8.1"
"8","8_710",-5.05,43.7,FALSE,"8.1"
"8","8_711",-5,43.7,FALSE,"8.1"
"8","8_712",-4.95,43.7,FALSE,"8.1"
"8","8_713",-4.95,43.75,FALSE,"8.1"
"8","8_714",-5,43.75,FALSE,"8.1"
"8","8_715",-5.05,43.75,FALSE,"8.1"
"8","8_716",-5.1,43.75,FALSE,"8.1"
"8","8_717",-5.15,43.75,FALSE,"8.1"
"8","8_718",-5.15,43.8,FALSE,"8.1"
"8","8_719",-5.2,43.8,FALSE,"8.1"
"8","8_720",-5.25,43.8,FALSE,"8.1"
"8","8_721",-5.25,43.85,FALSE,"8.1"
"8","8_722",-5.3,43.85,FALSE,"8.1"
"8","8_723",-5.35,43.85,FALSE,"8.1"
"8","8_724",-5.4,43.85,FALSE,"8.1"
"8","8_725",-5.45,43.85,FALSE,"8.1"
"8","8_726",-5.5,43.85,FALSE,"8.1"
"8","8_727",-5.55,43.85,FALSE,"8.1"
"8","8_728",-5.55,43.9,FALSE,"8.1"
"8","8_729",-5.6,43.9,FALSE,"8.1"
"8","8_730",-5.65,43.9,FALSE,"8.1"
"8","8_731",-5.7,43.9,FALSE,"8.1"
"8","8_732",-5.7,43.85,FALSE,"8.1"
"8","8_733",-5.75,43.85,FALSE,"8.1"
"8","8_734",-5.8,43.85,FALSE,"8.1"
"8","8_735",-5.85,43.85,FALSE,"8.1"
"8","8_736",-5.9,43.85,FALSE,"8.1"
"8","8_737",-5.9,43.8,FALSE,"8.1"
"8","8_738",-5.95,43.8,FALSE,"8.1"
"8","8_739",-5.95,43.85,FALSE,"8.1"
"8","8_740",-6,43.85,FALSE,"8.1"
"8","8_741",-6.05,43.85,FALSE,"8.1"
"8","8_742",-6.05,43.8,FALSE,"8.1"
"8","8_743",-6.05,43.75,FALSE,"8.1"
"8","8_744",-6.05,43.7,FALSE,"8.1"
"8","8_745",-6.1,43.7,FALSE,"8.1"
"8","8_746",-6.15,43.7,FALSE,"8.1"
"8","8_747",-6.2,43.7,FALSE,"8.1"
"8","8_748",-6.25,43.7,FALSE,"8.1"
"8","8_749",-6.3,43.7,FALSE,"8.1"
"8","8_750",-6.3,43.75,FALSE,"8.1"
"8","8_751",-6.35,43.75,FALSE,"8.1"
"8","8_752",-6.4,43.75,FALSE,"8.1"
"8","8_753",-6.4,43.8,FALSE,"8.1"
"8","8_754",-6.45,43.8,FALSE,"8.1"
"8","8_755",-6.5,43.8,FALSE,"8.1"
"8","8_756",-6.55,43.8,FALSE,"8.1"
"8","8_757",-6.55,43.85,FALSE,"8.1"
"8","8_758",-6.55,43.9,FALSE,"8.1"
"8","8_759",-6.6,43.9,FALSE,"8.1"
"8","8_760",-6.65,43.9,FALSE,"8.1"
"8","8_761",-6.7,43.9,FALSE,"8.1"
"8","8_762",-6.7,43.95,FALSE,"8.1"
"8","8_763",-6.75,43.95,FALSE,"8.1"
"8","8_764",-6.8,43.95,FALSE,"8.1"
"8","8_765",-6.85,43.95,FALSE,"8.1"
"8","8_766",-6.9,43.95,FALSE,"8.1"
"8","8_767",-6.95,43.95,FALSE,"8.1"
"8","8_768",-7,43.95,FALSE,"8.1"
"8","8_769",-7,44,FALSE,"8.1"
"8","8_770",-7.05,44,FALSE,"8.1"
"8","8_771",-7.1,44,FALSE,"8.1"
"8","8_772",-7.15,44,FALSE,"8.1"
"8","8_773",-7.2,44,FALSE,"8.1"
"8","8_774",-7.25,44,FALSE,"8.1"
"8","8_775",-7.25,44.05,FALSE,"8.1"
"8","8_776",-7.2,44.05,FALSE,"8.1"
"8","8_777",-7.15,44.05,FALSE,"8.1"
"8","8_778",-7.1,44.05,FALSE,"8.1"
"8","8_779",-7.05,44.05,FALSE,"8.1"
"8","8_780",-7,44.05,FALSE,"8.1"
"8","8_781",-6.95,44.05,FALSE,"8.1"
"8","8_782",-6.95,44,FALSE,"8.1"
"8","8_783",-6.9,44,FALSE,"8.1"
"8","8_784",-6.85,44,FALSE,"8.1"
"8","8_785",-6.8,44,FALSE,"8.1"
"8","8_786",-6.75,44,FALSE,"8.1"
"8","8_787",-6.7,44,FALSE,"8.1"
"8","8_788",-6.65,44,FALSE,"8.1"
"8","8_789",-6.6,44,FALSE,"8.1"
"8","8_790",-6.55,44,FALSE,"8.1"
"8","8_791",-6.55,43.95,FALSE,"8.1"
"8","8_792",-6.5,43.95,FALSE,"8.1"
"8","8_793",-6.45,43.95,FALSE,"8.1"
"8","8_794",-6.45,43.9,FALSE,"8.1"
"8","8_795",-6.4,43.9,FALSE,"8.1"
"8","8_796",-6.4,43.85,FALSE,"8.1"
"8","8_797",-6.35,43.85,FALSE,"8.1"
"8","8_798",-6.3,43.85,FALSE,"8.1"
"8","8_799",-6.25,43.85,FALSE,"8.1"
"8","8_800",-6.25,43.9,FALSE,"8.1"
"8","8_801",-6.25,43.95,FALSE,"8.1"
"8","8_802",-6.2,43.95,FALSE,"8.1"
"8","8_803",-6.2,43.9,FALSE,"8.1"
"8","8_804",-6.15,43.9,FALSE,"8.1"
"8","8_805",-6.1,43.9,FALSE,"8.1"
"8","8_806",-6.05,43.9,FALSE,"8.1"
"8","8_807",-6.05,43.95,FALSE,"8.1"
"8","8_808",-6,43.95,FALSE,"8.1"
"8","8_809",-5.95,43.95,FALSE,"8.1"
"8","8_810",-5.9,43.95,FALSE,"8.1"
"8","8_811",-5.85,43.95,FALSE,"8.1"
"8","8_812",-5.8,43.95,FALSE,"8.1"
"8","8_813",-5.8,44,FALSE,"8.1"
"8","8_814",-5.75,44,FALSE,"8.1"
"8","8_815",-5.7,44,FALSE,"8.1"
"8","8_816",-5.65,44,FALSE,"8.1"
"8","8_817",-5.6,44,FALSE,"8.1"
"8","8_818",-5.55,44,FALSE,"8.1"
"8","8_819",-5.55,43.95,FALSE,"8.1"
"8","8_820",-5.5,43.95,FALSE,"8.1"
"8","8_821",-5.45,43.95,FALSE,"8.1"
"8","8_822",-5.45,44,FALSE,"8.1"
"8","8_823",-5.4,44,FALSE,"8.1"
"8","8_824",-5.4,43.95,FALSE,"8.1"
"8","8_825",-5.35,43.95,FALSE,"8.1"
"8","8_826",-5.3,43.95,FALSE,"8.1"
"8","8_827",-5.25,43.95,FALSE,"8.1"
"8","8_828",-5.25,43.9,FALSE,"8.1"
"8","8_829",-5.2,43.9,FALSE,"8.1"
"8","8_830",-5.2,43.95,FALSE,"8.1"
"8","8_831",-5.15,43.95,FALSE,"8.1"
"8","8_832",-5.15,43.9,FALSE,"8.1"
"8","8_833",-5.1,43.9,FALSE,"8.1"
"8","8_834",-5.05,43.9,FALSE,"8.1"
"8","8_835",-5,43.9,FALSE,"8.1"
"8","8_836",-5,43.85,FALSE,"8.1"
"8","8_837",-4.95,43.85,FALSE,"8.1"
"8","8_838",-4.9,43.85,FALSE,"8.1"
"8","8_839",-4.9,43.8,FALSE,"8.1"
"8","8_840",-4.85,43.8,FALSE,"8.1"
"8","8_841",-4.85,43.75,FALSE,"8.1"
"8","8_842",-4.8,43.75,FALSE,"8.1"
"8","8_843",-4.75,43.75,FALSE,"8.1"
"8","8_844",-4.7,43.75,FALSE,"8.1"
"8","8_845",-4.65,43.75,FALSE,"8.1"
"8","8_846",-4.6,43.75,FALSE,"8.1"
"8","8_847",-4.55,43.75,FALSE,"8.1"
"8","8_848",-4.5,43.75,FALSE,"8.1"
"8","8_849",-4.45,43.75,FALSE,"8.1"
"8","8_850",-4.4,43.75,FALSE,"8.1"
"8","8_851",-4.35,43.75,FALSE,"8.1"
"8","8_852",-4.35,43.7,FALSE,"8.1"
"8","8_853",-4.35,43.65,FALSE,"8.1"
"8","8_854",-4.3,43.65,FALSE,"8.1"
"8","8_855",-4.25,43.65,FALSE,"8.1"
"8","8_856",-4.25,43.6,FALSE,"8.1"
"8","8_857",-4.2,43.6,FALSE,"8.1"
"8","8_858",-4.15,43.6,FALSE,"8.1"
"8","8_859",-4.1,43.6,FALSE,"8.1"
"8","8_860",-4.05,43.6,FALSE,"8.1"
"8","8_861",-4,43.6,FALSE,"8.1"
"8","8_862",-4,43.65,FALSE,"8.1"
"8","8_863",-4,43.7,FALSE,"8.1"
"8","8_864",-3.95,43.7,FALSE,"8.1"
"8","8_865",-3.9,43.7,FALSE,"8.1"
"8","8_866",-3.85,43.7,FALSE,"8.1"
"8","8_867",-3.8,43.7,FALSE,"8.1"
"8","8_868",-3.8,43.75,FALSE,"8.1"
"8","8_869",-3.75,43.75,FALSE,"8.1"
"8","8_870",-3.75,43.7,FALSE,"8.1"
"8","8_871",-3.7,43.7,FALSE,"8.1"
"8","8_872",-3.65,43.7,FALSE,"8.1"
"8","8_873",-3.65,43.65,FALSE,"8.1"
"8","8_874",-4.4,43.65,TRUE,"8.2"
"8","8_875",-4.4,43.6,TRUE,"8.2"
"8","8_876",-4.35,43.6,TRUE,"8.2"
"8","8_877",-4.35,43.65,TRUE,"8.2"
"8","8_878",-4.4,43.65,TRUE,"8.2"
"9","9_1",-7.55,44,FALSE,"9.1"
"9","9_2",-7.6,44,FALSE,"9.1"
"9","9_3",-7.65,44,FALSE,"9.1"
"9","9_4",-7.7,44,FALSE,"9.1"
"9","9_5",-7.7,44.05,FALSE,"9.1"
"9","9_6",-7.75,44.05,FALSE,"9.1"
"9","9_7",-7.8,44.05,FALSE,"9.1"
"9","9_8",-7.85,44.05,FALSE,"9.1"
"9","9_9",-7.9,44.05,FALSE,"9.1"
"9","9_10",-7.95,44.05,FALSE,"9.1"
"9","9_11",-8,44.05,FALSE,"9.1"
"9","9_12",-8.05,44.05,FALSE,"9.1"
"9","9_13",-8.1,44.05,FALSE,"9.1"
"9","9_14",-8.15,44.05,FALSE,"9.1"
"9","9_15",-8.15,44.1,FALSE,"9.1"
"9","9_16",-8.1,44.1,FALSE,"9.1"
"9","9_17",-8.05,44.1,FALSE,"9.1"
"9","9_18",-8,44.1,FALSE,"9.1"
"9","9_19",-7.95,44.1,FALSE,"9.1"
"9","9_20",-7.9,44.1,FALSE,"9.1"
"9","9_21",-7.9,44.15,FALSE,"9.1"
"9","9_22",-7.85,44.15,FALSE,"9.1"
"9","9_23",-7.8,44.15,FALSE,"9.1"
"9","9_24",-7.8,44.1,FALSE,"9.1"
"9","9_25",-7.75,44.1,FALSE,"9.1"
"9","9_26",-7.7,44.1,FALSE,"9.1"
"9","9_27",-7.65,44.1,FALSE,"9.1"
"9","9_28",-7.6,44.1,FALSE,"9.1"
"9","9_29",-7.55,44.1,FALSE,"9.1"
"9","9_30",-7.55,44.15,FALSE,"9.1"
"9","9_31",-7.5,44.15,FALSE,"9.1"
"9","9_32",-7.45,44.15,FALSE,"9.1"
"9","9_33",-7.4,44.15,FALSE,"9.1"
"9","9_34",-7.4,44.1,FALSE,"9.1"
"9","9_35",-7.45,44.1,FALSE,"9.1"
"9","9_36",-7.45,44.05,FALSE,"9.1"
"9","9_37",-7.5,44.05,FALSE,"9.1"
"9","9_38",-7.55,44.05,FALSE,"9.1"
"9","9_39",-7.55,44,FALSE,"9.1"
"10","10_1",-13.5,51.6,FALSE,"10.1"
"10","10_2",-13.45,51.6,FALSE,"10.1"
"10","10_3",-13.45,51.55,FALSE,"10.1"
"10","10_4",-13.5,51.55,FALSE,"10.1"
"10","10_5",-13.5,51.5,FALSE,"10.1"
"10","10_6",-13.5,51.45,FALSE,"10.1"
"10","10_7",-13.55,51.45,FALSE,"10.1"
"10","10_8",-13.55,51.4,FALSE,"10.1"
"10","10_9",-13.55,51.35,FALSE,"10.1"
"10","10_10",-13.6,51.35,FALSE,"10.1"
"10","10_11",-13.6,51.4,FALSE,"10.1"
"10","10_12",-13.6,51.45,FALSE,"10.1"
"10","10_13",-13.65,51.45,FALSE,"10.1"
"10","10_14",-13.65,51.4,FALSE,"10.1"
"10","10_15",-13.65,51.35,FALSE,"10.1"
"10","10_16",-13.65,51.3,FALSE,"10.1"
"10","10_17",-13.7,51.3,FALSE,"10.1"
"10","10_18",-13.7,51.25,FALSE,"10.1"
"10","10_19",-13.7,51.2,FALSE,"10.1"
"10","10_20",-13.75,51.2,FALSE,"10.1"
"10","10_21",-13.75,51.15,FALSE,"10.1"
"10","10_22",-13.8,51.15,FALSE,"10.1"
"10","10_23",-13.8,51.1,FALSE,"10.1"
"10","10_24",-13.8,51.05,FALSE,"10.1"
"10","10_25",-13.85,51.05,FALSE,"10.1"
"10","10_26",-13.9,51.05,FALSE,"10.1"
"10","10_27",-13.9,51.1,FALSE,"10.1"
"10","10_28",-13.95,51.1,FALSE,"10.1"
"10","10_29",-13.95,51.15,FALSE,"10.1"
"10","10_30",-14,51.15,FALSE,"10.1"
"10","10_31",-14,51.2,FALSE,"10.1"
"10","10_32",-14.05,51.2,FALSE,"10.1"
"10","10_33",-14.05,51.15,FALSE,"10.1"
"10","10_34",-14.05,51.1,FALSE,"10.1"
"10","10_35",-14.1,51.1,FALSE,"10.1"
"10","10_36",-14.15,51.1,FALSE,"10.1"
"10","10_37",-14.15,51.15,FALSE,"10.1"
"10","10_38",-14.2,51.15,FALSE,"10.1"
"10","10_39",-14.2,51.2,FALSE,"10.1"
"10","10_40",-14.25,51.2,FALSE,"10.1"
"10","10_41",-14.3,51.2,FALSE,"10.1"
"10","10_42",-14.3,51.25,FALSE,"10.1"
"10","10_43",-14.35,51.25,FALSE,"10.1"
"10","10_44",-14.35,51.2,FALSE,"10.1"
"10","10_45",-14.4,51.2,FALSE,"10.1"
"10","10_46",-14.4,51.25,FALSE,"10.1"
"10","10_47",-14.4,51.3,FALSE,"10.1"
"10","10_48",-14.45,51.3,FALSE,"10.1"
"10","10_49",-14.45,51.35,FALSE,"10.1"
"10","10_50",-14.5,51.35,FALSE,"10.1"
"10","10_51",-14.5,51.4,FALSE,"10.1"
"10","10_52",-14.5,51.45,FALSE,"10.1"
"10","10_53",-14.55,51.45,FALSE,"10.1"
"10","10_54",-14.55,51.4,FALSE,"10.1"
"10","10_55",-14.6,51.4,FALSE,"10.1"
"10","10_56",-14.6,51.45,FALSE,"10.1"
"10","10_57",-14.6,51.5,FALSE,"10.1"
"10","10_58",-14.55,51.5,FALSE,"10.1"
"10","10_59",-14.55,51.55,FALSE,"10.1"
"10","10_60",-14.6,51.55,FALSE,"10.1"
"10","10_61",-14.6,51.6,FALSE,"10.1"
"10","10_62",-14.65,51.6,FALSE,"10.1"
"10","10_63",-14.7,51.6,FALSE,"10.1"
"10","10_64",-14.7,51.65,FALSE,"10.1"
"10","10_65",-14.7,51.7,FALSE,"10.1"
"10","10_66",-14.75,51.7,FALSE,"10.1"
"10","10_67",-14.75,51.75,FALSE,"10.1"
"10","10_68",-14.75,51.8,FALSE,"10.1"
"10","10_69",-14.8,51.8,FALSE,"10.1"
"10","10_70",-14.8,51.85,FALSE,"10.1"
"10","10_71",-14.8,51.9,FALSE,"10.1"
"10","10_72",-14.75,51.9,FALSE,"10.1"
"10","10_73",-14.7,51.9,FALSE,"10.1"
"10","10_74",-14.65,51.9,FALSE,"10.1"
"10","10_75",-14.6,51.9,FALSE,"10.1"
"10","10_76",-14.6,51.85,FALSE,"10.1"
"10","10_77",-14.55,51.85,FALSE,"10.1"
"10","10_78",-14.55,51.8,FALSE,"10.1"
"10","10_79",-14.5,51.8,FALSE,"10.1"
"10","10_80",-14.5,51.75,FALSE,"10.1"
"10","10_81",-14.45,51.75,FALSE,"10.1"
"10","10_82",-14.4,51.75,FALSE,"10.1"
"10","10_83",-14.4,51.7,FALSE,"10.1"
"10","10_84",-14.35,51.7,FALSE,"10.1"
"10","10_85",-14.3,51.7,FALSE,"10.1"
"10","10_86",-14.25,51.7,FALSE,"10.1"
"10","10_87",-14.2,51.7,FALSE,"10.1"
"10","10_88",-14.15,51.7,FALSE,"10.1"
"10","10_89",-14.1,51.7,FALSE,"10.1"
"10","10_90",-14.1,51.75,FALSE,"10.1"
"10","10_91",-14.05,51.75,FALSE,"10.1"
"10","10_92",-14,51.75,FALSE,"10.1"
"10","10_93",-14,51.8,FALSE,"10.1"
"10","10_94",-14,51.85,FALSE,"10.1"
"10","10_95",-13.95,51.85,FALSE,"10.1"
"10","10_96",-13.95,51.9,FALSE,"10.1"
"10","10_97",-13.95,51.95,FALSE,"10.1"
"10","10_98",-13.9,51.95,FALSE,"10.1"
"10","10_99",-13.9,52,FALSE,"10.1"
"10","10_100",-13.9,52.05,FALSE,"10.1"
"10","10_101",-13.9,52.1,FALSE,"10.1"
"10","10_102",-13.9,52.15,FALSE,"10.1"
"10","10_103",-13.9,52.2,FALSE,"10.1"
"10","10_104",-13.85,52.2,FALSE,"10.1"
"10","10_105",-13.8,52.2,FALSE,"10.1"
"10","10_106",-13.8,52.25,FALSE,"10.1"
"10","10_107",-13.75,52.25,FALSE,"10.1"
"10","10_108",-13.7,52.25,FALSE,"10.1"
"10","10_109",-13.7,52.3,FALSE,"10.1"
"10","10_110",-13.65,52.3,FALSE,"10.1"
"10","10_111",-13.6,52.3,FALSE,"10.1"
"10","10_112",-13.55,52.3,FALSE,"10.1"
"10","10_113",-13.55,52.35,FALSE,"10.1"
"10","10_114",-13.5,52.35,FALSE,"10.1"
"10","10_115",-13.5,52.4,FALSE,"10.1"
"10","10_116",-13.45,52.4,FALSE,"10.1"
"10","10_117",-13.45,52.45,FALSE,"10.1"
"10","10_118",-13.4,52.45,FALSE,"10.1"
"10","10_119",-13.4,52.5,FALSE,"10.1"
"10","10_120",-13.35,52.5,FALSE,"10.1"
"10","10_121",-13.35,52.55,FALSE,"10.1"
"10","10_122",-13.3,52.55,FALSE,"10.1"
"10","10_123",-13.3,52.6,FALSE,"10.1"
"10","10_124",-13.3,52.65,FALSE,"10.1"
"10","10_125",-13.25,52.65,FALSE,"10.1"
"10","10_126",-13.25,52.7,FALSE,"10.1"
"10","10_127",-13.2,52.7,FALSE,"10.1"
"10","10_128",-13.2,52.75,FALSE,"10.1"
"10","10_129",-13.2,52.8,FALSE,"10.1"
"10","10_130",-13.15,52.8,FALSE,"10.1"
"10","10_131",-13.15,52.85,FALSE,"10.1"
"10","10_132",-13.1,52.85,FALSE,"10.1"
"10","10_133",-13.1,52.9,FALSE,"10.1"
"10","10_134",-13.05,52.9,FALSE,"10.1"
"10","10_135",-13.05,52.95,FALSE,"10.1"
"10","10_136",-13,52.95,FALSE,"10.1"
"10","10_137",-12.95,52.95,FALSE,"10.1"
"10","10_138",-12.95,53,FALSE,"10.1"
"10","10_139",-12.9,53,FALSE,"10.1"
"10","10_140",-12.85,53,FALSE,"10.1"
"10","10_141",-12.8,53,FALSE,"10.1"
"10","10_142",-12.75,53,FALSE,"10.1"
"10","10_143",-12.75,53.05,FALSE,"10.1"
"10","10_144",-12.7,53.05,FALSE,"10.1"
"10","10_145",-12.7,53,FALSE,"10.1"
"10","10_146",-12.65,53,FALSE,"10.1"
"10","10_147",-12.6,53,FALSE,"10.1"
"10","10_148",-12.55,53,FALSE,"10.1"
"10","10_149",-12.55,52.95,FALSE,"10.1"
"10","10_150",-12.5,52.95,FALSE,"10.1"
"10","10_151",-12.5,52.9,FALSE,"10.1"
"10","10_152",-12.45,52.9,FALSE,"10.1"
"10","10_153",-12.45,52.85,FALSE,"10.1"
"10","10_154",-12.4,52.85,FALSE,"10.1"
"10","10_155",-12.4,52.8,FALSE,"10.1"
"10","10_156",-12.35,52.8,FALSE,"10.1"
"10","10_157",-12.35,52.75,FALSE,"10.1"
"10","10_158",-12.3,52.75,FALSE,"10.1"
"10","10_159",-12.3,52.7,FALSE,"10.1"
"10","10_160",-12.3,52.65,FALSE,"10.1"
"10","10_161",-12.25,52.65,FALSE,"10.1"
"10","10_162",-12.25,52.6,FALSE,"10.1"
"10","10_163",-12.2,52.6,FALSE,"10.1"
"10","10_164",-12.2,52.55,FALSE,"10.1"
"10","10_165",-12.2,52.5,FALSE,"10.1"
"10","10_166",-12.15,52.5,FALSE,"10.1"
"10","10_167",-12.15,52.45,FALSE,"10.1"
"10","10_168",-12.1,52.45,FALSE,"10.1"
"10","10_169",-12.05,52.45,FALSE,"10.1"
"10","10_170",-12.05,52.4,FALSE,"10.1"
"10","10_171",-12,52.4,FALSE,"10.1"
"10","10_172",-11.95,52.4,FALSE,"10.1"
"10","10_173",-11.9,52.4,FALSE,"10.1"
"10","10_174",-11.9,52.35,FALSE,"10.1"
"10","10_175",-11.9,52.3,FALSE,"10.1"
"10","10_176",-11.85,52.3,FALSE,"10.1"
"10","10_177",-11.8,52.3,FALSE,"10.1"
"10","10_178",-11.8,52.25,FALSE,"10.1"
"10","10_179",-11.8,52.2,FALSE,"10.1"
"10","10_180",-11.75,52.2,FALSE,"10.1"
"10","10_181",-11.75,52.15,FALSE,"10.1"
"10","10_182",-11.75,52.1,FALSE,"10.1"
"10","10_183",-11.7,52.1,FALSE,"10.1"
"10","10_184",-11.7,52.05,FALSE,"10.1"
"10","10_185",-11.65,52.05,FALSE,"10.1"
"10","10_186",-11.65,52,FALSE,"10.1"
"10","10_187",-11.7,52,FALSE,"10.1"
"10","10_188",-11.7,51.95,FALSE,"10.1"
"10","10_189",-11.7,51.9,FALSE,"10.1"
"10","10_190",-11.7,51.85,FALSE,"10.1"
"10","10_191",-11.7,51.8,FALSE,"10.1"
"10","10_192",-11.65,51.8,FALSE,"10.1"
"10","10_193",-11.65,51.75,FALSE,"10.1"
"10","10_194",-11.6,51.75,FALSE,"10.1"
"10","10_195",-11.55,51.75,FALSE,"10.1"
"10","10_196",-11.55,51.7,FALSE,"10.1"
"10","10_197",-11.55,51.65,FALSE,"10.1"
"10","10_198",-11.55,51.6,FALSE,"10.1"
"10","10_199",-11.5,51.6,FALSE,"10.1"
"10","10_200",-11.5,51.55,FALSE,"10.1"
"10","10_201",-11.5,51.5,FALSE,"10.1"
"10","10_202",-11.5,51.45,FALSE,"10.1"
"10","10_203",-11.5,51.4,FALSE,"10.1"
"10","10_204",-11.5,51.35,FALSE,"10.1"
"10","10_205",-11.5,51.3,FALSE,"10.1"
"10","10_206",-11.45,51.3,FALSE,"10.1"
"10","10_207",-11.45,51.25,FALSE,"10.1"
"10","10_208",-11.45,51.2,FALSE,"10.1"
"10","10_209",-11.45,51.15,FALSE,"10.1"
"10","10_210",-11.4,51.15,FALSE,"10.1"
"10","10_211",-11.4,51.1,FALSE,"10.1"
"10","10_212",-11.35,51.1,FALSE,"10.1"
"10","10_213",-11.35,51.05,FALSE,"10.1"
"10","10_214",-11.35,51,FALSE,"10.1"
"10","10_215",-11.3,51,FALSE,"10.1"
"10","10_216",-11.3,50.95,FALSE,"10.1"
"10","10_217",-11.25,50.95,FALSE,"10.1"
"10","10_218",-11.2,50.95,FALSE,"10.1"
"10","10_219",-11.15,50.95,FALSE,"10.1"
"10","10_220",-11.15,50.9,FALSE,"10.1"
"10","10_221",-11.15,50.85,FALSE,"10.1"
"10","10_222",-11.2,50.85,FALSE,"10.1"
"10","10_223",-11.2,50.8,FALSE,"10.1"
"10","10_224",-11.15,50.8,FALSE,"10.1"
"10","10_225",-11.15,50.75,FALSE,"10.1"
"10","10_226",-11.1,50.75,FALSE,"10.1"
"10","10_227",-11.05,50.75,FALSE,"10.1"
"10","10_228",-11,50.75,FALSE,"10.1"
"10","10_229",-11,50.7,FALSE,"10.1"
"10","10_230",-11,50.65,FALSE,"10.1"
"10","10_231",-11,50.6,FALSE,"10.1"
"10","10_232",-10.95,50.6,FALSE,"10.1"
"10","10_233",-10.95,50.55,FALSE,"10.1"
"10","10_234",-10.9,50.55,FALSE,"10.1"
"10","10_235",-10.9,50.5,FALSE,"10.1"
"10","10_236",-10.9,50.45,FALSE,"10.1"
"10","10_237",-10.9,50.4,FALSE,"10.1"
"10","10_238",-10.9,50.35,FALSE,"10.1"
"10","10_239",-10.95,50.35,FALSE,"10.1"
"10","10_240",-10.95,50.3,FALSE,"10.1"
"10","10_241",-11,50.3,FALSE,"10.1"
"10","10_242",-11,50.25,FALSE,"10.1"
"10","10_243",-11.05,50.25,FALSE,"10.1"
"10","10_244",-11.05,50.2,FALSE,"10.1"
"10","10_245",-11.05,50.15,FALSE,"10.1"
"10","10_246",-11.1,50.15,FALSE,"10.1"
"10","10_247",-11.1,50.1,FALSE,"10.1"
"10","10_248",-11.1,50.05,FALSE,"10.1"
"10","10_249",-11.05,50.05,FALSE,"10.1"
"10","10_250",-11,50.05,FALSE,"10.1"
"10","10_251",-11,50,FALSE,"10.1"
"10","10_252",-10.95,50,FALSE,"10.1"
"10","10_253",-10.95,49.95,FALSE,"10.1"
"10","10_254",-10.95,49.9,FALSE,"10.1"
"10","10_255",-11,49.9,FALSE,"10.1"
"10","10_256",-11.05,49.9,FALSE,"10.1"
"10","10_257",-11.05,49.85,FALSE,"10.1"
"10","10_258",-11.05,49.8,FALSE,"10.1"
"10","10_259",-11.1,49.8,FALSE,"10.1"
"10","10_260",-11.15,49.8,FALSE,"10.1"
"10","10_261",-11.15,49.75,FALSE,"10.1"
"10","10_262",-11.2,49.75,FALSE,"10.1"
"10","10_263",-11.25,49.75,FALSE,"10.1"
"10","10_264",-11.25,49.7,FALSE,"10.1"
"10","10_265",-11.25,49.65,FALSE,"10.1"
"10","10_266",-11.25,49.6,FALSE,"10.1"
"10","10_267",-11.3,49.6,FALSE,"10.1"
"10","10_268",-11.3,49.55,FALSE,"10.1"
"10","10_269",-11.3,49.5,FALSE,"10.1"
"10","10_270",-11.35,49.5,FALSE,"10.1"
"10","10_271",-11.35,49.45,FALSE,"10.1"
"10","10_272",-11.35,49.4,FALSE,"10.1"
"10","10_273",-11.35,49.35,FALSE,"10.1"
"10","10_274",-11.4,49.35,FALSE,"10.1"
"10","10_275",-11.4,49.3,FALSE,"10.1"
"10","10_276",-11.4,49.25,FALSE,"10.1"
"10","10_277",-11.35,49.25,FALSE,"10.1"
"10","10_278",-11.35,49.2,FALSE,"10.1"
"10","10_279",-11.3,49.2,FALSE,"10.1"
"10","10_280",-11.3,49.15,FALSE,"10.1"
"10","10_281",-11.25,49.15,FALSE,"10.1"
"10","10_282",-11.25,49.1,FALSE,"10.1"
"10","10_283",-11.2,49.1,FALSE,"10.1"
"10","10_284",-11.2,49.05,FALSE,"10.1"
"10","10_285",-11.15,49.05,FALSE,"10.1"
"10","10_286",-11.15,49.1,FALSE,"10.1"
"10","10_287",-11.1,49.1,FALSE,"10.1"
"10","10_288",-11.05,49.1,FALSE,"10.1"
"10","10_289",-11.05,49.05,FALSE,"10.1"
"10","10_290",-11,49.05,FALSE,"10.1"
"10","10_291",-10.95,49.05,FALSE,"10.1"
"10","10_292",-10.9,49.05,FALSE,"10.1"
"10","10_293",-10.85,49.05,FALSE,"10.1"
"10","10_294",-10.85,49,FALSE,"10.1"
"10","10_295",-10.9,49,FALSE,"10.1"
"10","10_296",-10.9,48.95,FALSE,"10.1"
"10","10_297",-10.85,48.95,FALSE,"10.1"
"10","10_298",-10.8,48.95,FALSE,"10.1"
"10","10_299",-10.75,48.95,FALSE,"10.1"
"10","10_300",-10.75,48.9,FALSE,"10.1"
"10","10_301",-10.7,48.9,FALSE,"10.1"
"10","10_302",-10.65,48.9,FALSE,"10.1"
"10","10_303",-10.6,48.9,FALSE,"10.1"
"10","10_304",-10.55,48.9,FALSE,"10.1"
"10","10_305",-10.55,48.95,FALSE,"10.1"
"10","10_306",-10.5,48.95,FALSE,"10.1"
"10","10_307",-10.45,48.95,FALSE,"10.1"
"10","10_308",-10.45,48.9,FALSE,"10.1"
"10","10_309",-10.45,48.85,FALSE,"10.1"
"10","10_310",-10.4,48.85,FALSE,"10.1"
"10","10_311",-10.35,48.85,FALSE,"10.1"
"10","10_312",-10.35,48.8,FALSE,"10.1"
"10","10_313",-10.3,48.8,FALSE,"10.1"
"10","10_314",-10.3,48.75,FALSE,"10.1"
"10","10_315",-10.25,48.75,FALSE,"10.1"
"10","10_316",-10.2,48.75,FALSE,"10.1"
"10","10_317",-10.15,48.75,FALSE,"10.1"
"10","10_318",-10.15,48.8,FALSE,"10.1"
"10","10_319",-10.1,48.8,FALSE,"10.1"
"10","10_320",-10.05,48.8,FALSE,"10.1"
"10","10_321",-10.05,48.75,FALSE,"10.1"
"10","10_322",-10,48.75,FALSE,"10.1"
"10","10_323",-9.95,48.75,FALSE,"10.1"
"10","10_324",-9.95,48.7,FALSE,"10.1"
"10","10_325",-9.9,48.7,FALSE,"10.1"
"10","10_326",-9.85,48.7,FALSE,"10.1"
"10","10_327",-9.8,48.7,FALSE,"10.1"
"10","10_328",-9.75,48.7,FALSE,"10.1"
"10","10_329",-9.7,48.7,FALSE,"10.1"
"10","10_330",-9.7,48.65,FALSE,"10.1"
"10","10_331",-9.7,48.6,FALSE,"10.1"
"10","10_332",-9.75,48.6,FALSE,"10.1"
"10","10_333",-9.8,48.6,FALSE,"10.1"
"10","10_334",-9.8,48.55,FALSE,"10.1"
"10","10_335",-9.8,48.5,FALSE,"10.1"
"10","10_336",-9.8,48.4,FALSE,"10.1"
"10","10_337",-9.85,48.4,FALSE,"10.1"
"10","10_338",-9.9,48.4,FALSE,"10.1"
"10","10_339",-9.9,48.45,FALSE,"10.1"
"10","10_340",-9.9,48.5,FALSE,"10.1"
"10","10_341",-9.9,48.55,FALSE,"10.1"
"10","10_342",-9.9,48.6,FALSE,"10.1"
"10","10_343",-9.95,48.6,FALSE,"10.1"
"10","10_344",-9.95,48.55,FALSE,"10.1"
"10","10_345",-9.95,48.5,FALSE,"10.1"
"10","10_346",-10,48.5,FALSE,"10.1"
"10","10_347",-10.05,48.5,FALSE,"10.1"
"10","10_348",-10.05,48.55,FALSE,"10.1"
"10","10_349",-10.1,48.55,FALSE,"10.1"
"10","10_350",-10.15,48.55,FALSE,"10.1"
"10","10_351",-10.2,48.55,FALSE,"10.1"
"10","10_352",-10.25,48.55,FALSE,"10.1"
"10","10_353",-10.3,48.55,FALSE,"10.1"
"10","10_354",-10.3,48.6,FALSE,"10.1"
"10","10_355",-10.35,48.6,FALSE,"10.1"
"10","10_356",-10.35,48.55,FALSE,"10.1"
"10","10_357",-10.4,48.55,FALSE,"10.1"
"10","10_358",-10.4,48.5,FALSE,"10.1"
"10","10_359",-10.45,48.5,FALSE,"10.1"
"10","10_360",-10.45,48.55,FALSE,"10.1"
"10","10_361",-10.5,48.55,FALSE,"10.1"
"10","10_362",-10.5,48.6,FALSE,"10.1"
"10","10_363",-10.55,48.6,FALSE,"10.1"
"10","10_364",-10.6,48.6,FALSE,"10.1"
"10","10_365",-10.65,48.6,FALSE,"10.1"
"10","10_366",-10.65,48.65,FALSE,"10.1"
"10","10_367",-10.6,48.65,FALSE,"10.1"
"10","10_368",-10.6,48.7,FALSE,"10.1"
"10","10_369",-10.6,48.75,FALSE,"10.1"
"10","10_370",-10.65,48.75,FALSE,"10.1"
"10","10_371",-10.7,48.75,FALSE,"10.1"
"10","10_372",-10.75,48.75,FALSE,"10.1"
"10","10_373",-10.8,48.75,FALSE,"10.1"
"10","10_374",-10.85,48.75,FALSE,"10.1"
"10","10_375",-10.9,48.75,FALSE,"10.1"
"10","10_376",-10.95,48.75,FALSE,"10.1"
"10","10_377",-11,48.75,FALSE,"10.1"
"10","10_378",-11,48.8,FALSE,"10.1"
"10","10_379",-11,48.85,FALSE,"10.1"
"10","10_380",-11.05,48.85,FALSE,"10.1"
"10","10_381",-11.05,48.8,FALSE,"10.1"
"10","10_382",-11.1,48.8,FALSE,"10.1"
"10","10_383",-11.1,48.85,FALSE,"10.1"
"10","10_384",-11.1,48.9,FALSE,"10.1"
"10","10_385",-11.15,48.9,FALSE,"10.1"
"10","10_386",-11.15,48.85,FALSE,"10.1"
"10","10_387",-11.2,48.85,FALSE,"10.1"
"10","10_388",-11.25,48.85,FALSE,"10.1"
"10","10_389",-11.25,48.9,FALSE,"10.1"
"10","10_390",-11.3,48.9,FALSE,"10.1"
"10","10_391",-11.3,48.95,FALSE,"10.1"
"10","10_392",-11.35,48.95,FALSE,"10.1"
"10","10_393",-11.35,49,FALSE,"10.1"
"10","10_394",-11.4,49,FALSE,"10.1"
"10","10_395",-11.45,49,FALSE,"10.1"
"10","10_396",-11.45,49.05,FALSE,"10.1"
"10","10_397",-11.5,49.05,FALSE,"10.1"
"10","10_398",-11.5,49.1,FALSE,"10.1"
"10","10_399",-11.55,49.1,FALSE,"10.1"
"10","10_400",-11.6,49.1,FALSE,"10.1"
"10","10_401",-11.6,49.15,FALSE,"10.1"
"10","10_402",-11.65,49.15,FALSE,"10.1"
"10","10_403",-11.7,49.15,FALSE,"10.1"
"10","10_404",-11.75,49.15,FALSE,"10.1"
"10","10_405",-11.8,49.15,FALSE,"10.1"
"10","10_406",-11.85,49.15,FALSE,"10.1"
"10","10_407",-11.9,49.15,FALSE,"10.1"
"10","10_408",-11.9,49.2,FALSE,"10.1"
"10","10_409",-11.85,49.2,FALSE,"10.1"
"10","10_410",-11.8,49.2,FALSE,"10.1"
"10","10_411",-11.8,49.25,FALSE,"10.1"
"10","10_412",-11.75,49.25,FALSE,"10.1"
"10","10_413",-11.7,49.25,FALSE,"10.1"
"10","10_414",-11.7,49.3,FALSE,"10.1"
"10","10_415",-11.65,49.3,FALSE,"10.1"
"10","10_416",-11.65,49.35,FALSE,"10.1"
"10","10_417",-11.65,49.4,FALSE,"10.1"
"10","10_418",-11.65,49.45,FALSE,"10.1"
"10","10_419",-11.65,49.5,FALSE,"10.1"
"10","10_420",-11.65,49.55,FALSE,"10.1"
"10","10_421",-11.65,49.6,FALSE,"10.1"
"10","10_422",-11.65,49.65,FALSE,"10.1"
"10","10_423",-11.6,49.65,FALSE,"10.1"
"10","10_424",-11.6,49.7,FALSE,"10.1"
"10","10_425",-11.6,49.75,FALSE,"10.1"
"10","10_426",-11.6,49.8,FALSE,"10.1"
"10","10_427",-11.55,49.8,FALSE,"10.1"
"10","10_428",-11.55,49.85,FALSE,"10.1"
"10","10_429",-11.55,49.9,FALSE,"10.1"
"10","10_430",-11.5,49.9,FALSE,"10.1"
"10","10_431",-11.5,49.95,FALSE,"10.1"
"10","10_432",-11.45,49.95,FALSE,"10.1"
"10","10_433",-11.45,50,FALSE,"10.1"
"10","10_434",-11.4,50,FALSE,"10.1"
"10","10_435",-11.35,50,FALSE,"10.1"
"10","10_436",-11.35,50.05,FALSE,"10.1"
"10","10_437",-11.35,50.1,FALSE,"10.1"
"10","10_438",-11.3,50.1,FALSE,"10.1"
"10","10_439",-11.3,50.15,FALSE,"10.1"
"10","10_440",-11.3,50.2,FALSE,"10.1"
"10","10_441",-11.3,50.25,FALSE,"10.1"
"10","10_442",-11.25,50.25,FALSE,"10.1"
"10","10_443",-11.25,50.3,FALSE,"10.1"
"10","10_444",-11.25,50.35,FALSE,"10.1"
"10","10_445",-11.2,50.35,FALSE,"10.1"
"10","10_446",-11.2,50.4,FALSE,"10.1"
"10","10_447",-11.2,50.45,FALSE,"10.1"
"10","10_448",-11.15,50.45,FALSE,"10.1"
"10","10_449",-11.15,50.5,FALSE,"10.1"
"10","10_450",-11.2,50.5,FALSE,"10.1"
"10","10_451",-11.2,50.55,FALSE,"10.1"
"10","10_452",-11.25,50.55,FALSE,"10.1"
"10","10_453",-11.25,50.6,FALSE,"10.1"
"10","10_454",-11.25,50.65,FALSE,"10.1"
"10","10_455",-11.25,50.7,FALSE,"10.1"
"10","10_456",-11.3,50.7,FALSE,"10.1"
"10","10_457",-11.35,50.7,FALSE,"10.1"
"10","10_458",-11.35,50.75,FALSE,"10.1"
"10","10_459",-11.4,50.75,FALSE,"10.1"
"10","10_460",-11.4,50.8,FALSE,"10.1"
"10","10_461",-11.4,50.85,FALSE,"10.1"
"10","10_462",-11.4,50.9,FALSE,"10.1"
"10","10_463",-11.45,50.9,FALSE,"10.1"
"10","10_464",-11.5,50.9,FALSE,"10.1"
"10","10_465",-11.5,50.95,FALSE,"10.1"
"10","10_466",-11.5,51,FALSE,"10.1"
"10","10_467",-11.55,51,FALSE,"10.1"
"10","10_468",-11.55,51.05,FALSE,"10.1"
"10","10_469",-11.6,51.05,FALSE,"10.1"
"10","10_470",-11.65,51.05,FALSE,"10.1"
"10","10_471",-11.65,51.1,FALSE,"10.1"
"10","10_472",-11.65,51.15,FALSE,"10.1"
"10","10_473",-11.65,51.2,FALSE,"10.1"
"10","10_474",-11.65,51.25,FALSE,"10.1"
"10","10_475",-11.7,51.25,FALSE,"10.1"
"10","10_476",-11.7,51.3,FALSE,"10.1"
"10","10_477",-11.65,51.3,FALSE,"10.1"
"10","10_478",-11.65,51.35,FALSE,"10.1"
"10","10_479",-11.7,51.35,FALSE,"10.1"
"10","10_480",-11.7,51.4,FALSE,"10.1"
"10","10_481",-11.7,51.45,FALSE,"10.1"
"10","10_482",-11.7,51.5,FALSE,"10.1"
"10","10_483",-11.75,51.5,FALSE,"10.1"
"10","10_484",-11.75,51.55,FALSE,"10.1"
"10","10_485",-11.8,51.55,FALSE,"10.1"
"10","10_486",-11.85,51.55,FALSE,"10.1"
"10","10_487",-11.9,51.55,FALSE,"10.1"
"10","10_488",-11.9,51.6,FALSE,"10.1"
"10","10_489",-11.95,51.6,FALSE,"10.1"
"10","10_490",-11.95,51.65,FALSE,"10.1"
"10","10_491",-11.95,51.7,FALSE,"10.1"
"10","10_492",-12,51.7,FALSE,"10.1"
"10","10_493",-12,51.75,FALSE,"10.1"
"10","10_494",-11.95,51.75,FALSE,"10.1"
"10","10_495",-11.95,51.8,FALSE,"10.1"
"10","10_496",-12,51.8,FALSE,"10.1"
"10","10_497",-12,51.85,FALSE,"10.1"
"10","10_498",-12.05,51.85,FALSE,"10.1"
"10","10_499",-12.05,51.9,FALSE,"10.1"
"10","10_500",-12.05,51.95,FALSE,"10.1"
"10","10_501",-12.1,51.95,FALSE,"10.1"
"10","10_502",-12.1,52,FALSE,"10.1"
"10","10_503",-12.15,52,FALSE,"10.1"
"10","10_504",-12.2,52,FALSE,"10.1"
"10","10_505",-12.25,52,FALSE,"10.1"
"10","10_506",-12.25,52.05,FALSE,"10.1"
"10","10_507",-12.3,52.05,FALSE,"10.1"
"10","10_508",-12.3,52.1,FALSE,"10.1"
"10","10_509",-12.3,52.15,FALSE,"10.1"
"10","10_510",-12.35,52.15,FALSE,"10.1"
"10","10_511",-12.35,52.2,FALSE,"10.1"
"10","10_512",-12.4,52.2,FALSE,"10.1"
"10","10_513",-12.4,52.15,FALSE,"10.1"
"10","10_514",-12.45,52.15,FALSE,"10.1"
"10","10_515",-12.5,52.15,FALSE,"10.1"
"10","10_516",-12.55,52.15,FALSE,"10.1"
"10","10_517",-12.55,52.2,FALSE,"10.1"
"10","10_518",-12.5,52.2,FALSE,"10.1"
"10","10_519",-12.5,52.25,FALSE,"10.1"
"10","10_520",-12.55,52.25,FALSE,"10.1"
"10","10_521",-12.6,52.25,FALSE,"10.1"
"10","10_522",-12.65,52.25,FALSE,"10.1"
"10","10_523",-12.7,52.25,FALSE,"10.1"
"10","10_524",-12.75,52.25,FALSE,"10.1"
"10","10_525",-12.75,52.2,FALSE,"10.1"
"10","10_526",-12.7,52.2,FALSE,"10.1"
"10","10_527",-12.7,52.15,FALSE,"10.1"
"10","10_528",-12.7,52.1,FALSE,"10.1"
"10","10_529",-12.75,52.1,FALSE,"10.1"
"10","10_530",-12.8,52.1,FALSE,"10.1"
"10","10_531",-12.85,52.1,FALSE,"10.1"
"10","10_532",-12.85,52.15,FALSE,"10.1"
"10","10_533",-12.9,52.15,FALSE,"10.1"
"10","10_534",-12.9,52.1,FALSE,"10.1"
"10","10_535",-12.9,52.05,FALSE,"10.1"
"10","10_536",-12.9,52,FALSE,"10.1"
"10","10_537",-12.95,52,FALSE,"10.1"
"10","10_538",-12.95,52.05,FALSE,"10.1"
"10","10_539",-13,52.05,FALSE,"10.1"
"10","10_540",-13,52,FALSE,"10.1"
"10","10_541",-13.05,52,FALSE,"10.1"
"10","10_542",-13.1,52,FALSE,"10.1"
"10","10_543",-13.1,51.95,FALSE,"10.1"
"10","10_544",-13.15,51.95,FALSE,"10.1"
"10","10_545",-13.2,51.95,FALSE,"10.1"
"10","10_546",-13.25,51.95,FALSE,"10.1"
"10","10_547",-13.25,51.9,FALSE,"10.1"
"10","10_548",-13.3,51.9,FALSE,"10.1"
"10","10_549",-13.35,51.9,FALSE,"10.1"
"10","10_550",-13.35,51.85,FALSE,"10.1"
"10","10_551",-13.4,51.85,FALSE,"10.1"
"10","10_552",-13.4,51.8,FALSE,"10.1"
"10","10_553",-13.4,51.75,FALSE,"10.1"
"10","10_554",-13.35,51.75,FALSE,"10.1"
"10","10_555",-13.35,51.7,FALSE,"10.1"
"10","10_556",-13.4,51.7,FALSE,"10.1"
"10","10_557",-13.4,51.65,FALSE,"10.1"
"10","10_558",-13.45,51.65,FALSE,"10.1"
"10","10_559",-13.5,51.65,FALSE,"10.1"
"10","10_560",-13.55,51.65,FALSE,"10.1"
"10","10_561",-13.55,51.6,FALSE,"10.1"
"10","10_562",-13.55,51.55,FALSE,"10.1"
"10","10_563",-13.5,51.55,FALSE,"10.1"
"10","10_564",-13.5,51.6,FALSE,"10.1"
"10","10_565",-11.5,49.6,TRUE,"10.2"
"10","10_566",-11.5,49.65,TRUE,"10.2"
"10","10_567",-11.5,49.7,TRUE,"10.2"
"10","10_568",-11.5,49.75,TRUE,"10.2"
"10","10_569",-11.55,49.75,TRUE,"10.2"
"10","10_570",-11.55,49.7,TRUE,"10.2"
"10","10_571",-11.55,49.65,TRUE,"10.2"
"10","10_572",-11.55,49.6,TRUE,"10.2"
"10","10_573",-11.5,49.6,TRUE,"10.2"
"10","10_574",-13.55,51.55,TRUE,"10.3"
"10","10_575",-13.6,51.55,TRUE,"10.3"
"10","10_576",-13.6,51.5,TRUE,"10.3"
"10","10_577",-13.6,51.45,TRUE,"10.3"
"10","10_578",-13.55,51.45,TRUE,"10.3"
"10","10_579",-13.55,51.5,TRUE,"10.3"
"10","10_580",-13.55,51.55,TRUE,"10.3"
"10","10_581",-13.85,51.1,TRUE,"10.4"
"10","10_582",-13.85,51.15,TRUE,"10.4"
"10","10_583",-13.9,51.15,TRUE,"10.4"
"10","10_584",-13.9,51.1,TRUE,"10.4"
"10","10_585",-13.85,51.1,TRUE,"10.4"
"10","10_586",-11.65,51.3,TRUE,"10.5"
"10","10_587",-11.65,51.25,TRUE,"10.5"
"10","10_588",-11.6,51.25,TRUE,"10.5"
"10","10_589",-11.6,51.3,TRUE,"10.5"
"10","10_590",-11.65,51.3,TRUE,"10.5"
"10","10_591",-12.8,52.15,TRUE,"10.6"
"10","10_592",-12.8,52.2,TRUE,"10.6"
"10","10_593",-12.85,52.2,TRUE,"10.6"
"10","10_594",-12.85,52.15,TRUE,"10.6"
"10","10_595",-12.8,52.15,TRUE,"10.6"
"10","10_596",-13.1,52.15,TRUE,"10.7"
"10","10_597",-13.05,52.15,TRUE,"10.7"
"10","10_598",-13.05,52.2,TRUE,"10.7"
"10","10_599",-13.1,52.2,TRUE,"10.7"
"10","10_600",-13.1,52.15,TRUE,"10.7"
"10","10_601",-12.95,52.2,TRUE,"10.8"
"10","10_602",-12.9,52.2,TRUE,"10.8"
"10","10_603",-12.9,52.25,TRUE,"10.8"
"10","10_604",-12.95,52.25,TRUE,"10.8"
"10","10_605",-12.95,52.2,TRUE,"10.8"
"10","10_606",-13.05,52.25,TRUE,"10.9"
"10","10_607",-13.05,52.3,TRUE,"10.9"
"10","10_608",-13.1,52.3,TRUE,"10.9"
"10","10_609",-13.1,52.25,TRUE,"10.9"
"10","10_610",-13.05,52.25,TRUE,"10.9"
"11","11_1",-9.75,48.55,FALSE,"11.1"
"11","11_2",-9.7,48.55,FALSE,"11.1"
"11","11_3",-9.65,48.55,FALSE,"11.1"
"11","11_4",-9.6,48.55,FALSE,"11.1"
"11","11_5",-9.6,48.6,FALSE,"11.1"
"11","11_6",-9.55,48.6,FALSE,"11.1"
"11","11_7",-9.5,48.6,FALSE,"11.1"
"11","11_8",-9.5,48.55,FALSE,"11.1"
"11","11_9",-9.5,48.5,FALSE,"11.1"
"11","11_10",-9.55,48.5,FALSE,"11.1"
"11","11_11",-9.65,48.5,FALSE,"11.1"
"11","11_12",-9.7,48.5,FALSE,"11.1"
"11","11_13",-9.75,48.5,FALSE,"11.1"
"11","11_14",-9.75,48.55,FALSE,"11.1"
"12","12_1",-14.75,51.35,FALSE,"12.1"
"12","12_2",-14.75,51.4,FALSE,"12.1"
"12","12_3",-14.7,51.4,FALSE,"12.1"
"12","12_4",-14.7,51.35,FALSE,"12.1"
"12","12_5",-14.7,51.3,FALSE,"12.1"
"12","12_6",-14.75,51.3,FALSE,"12.1"
"12","12_7",-14.75,51.35,FALSE,"12.1"
"13","13_1",-14.85,51.4,FALSE,"13.1"
"13","13_2",-14.85,51.45,FALSE,"13.1"
"13","13_3",-14.85,51.5,FALSE,"13.1"
"13","13_4",-14.8,51.5,FALSE,"13.1"
"13","13_5",-14.8,51.45,FALSE,"13.1"
"13","13_6",-14.8,51.4,FALSE,"13.1"
"13","13_7",-14.8,51.35,FALSE,"13.1"
"13","13_8",-14.85,51.35,FALSE,"13.1"
"13","13_9",-14.85,51.4,FALSE,"13.1"
"14","14_1",-14.95,52.1,FALSE,"14.1"
"14","14_2",-14.9,52.1,FALSE,"14.1"
"14","14_3",-14.9,52.05,FALSE,"14.1"
"14","14_4",-14.85,52.05,FALSE,"14.1"
"14","14_5",-14.85,52,FALSE,"14.1"
"14","14_6",-14.85,51.95,FALSE,"14.1"
"14","14_7",-14.85,51.9,FALSE,"14.1"
"14","14_8",-14.9,51.9,FALSE,"14.1"
"14","14_9",-14.95,51.9,FALSE,"14.1"
"14","14_10",-15,51.9,FALSE,"14.1"
"14","14_11",-15,51.85,FALSE,"14.1"
"14","14_12",-15.05,51.85,FALSE,"14.1"
"14","14_13",-15.05,51.9,FALSE,"14.1"
"14","14_14",-15.1,51.9,FALSE,"14.1"
"14","14_15",-15.1,51.95,FALSE,"14.1"
"14","14_16",-15.1,52,FALSE,"14.1"
"14","14_17",-15.05,52,FALSE,"14.1"
"14","14_18",-15,52,FALSE,"14.1"
"14","14_19",-15,52.05,FALSE,"14.1"
"14","14_20",-14.95,52.05,FALSE,"14.1"
"14","14_21",-14.95,52.1,FALSE,"14.1"
"14","14_22",-14.95,52.05,TRUE,"14.2"
"14","14_23",-14.95,52,TRUE,"14.2"
"14","14_24",-15,52,TRUE,"14.2"
"14","14_25",-15,51.95,TRUE,"14.2"
"14","14_26",-14.95,51.95,TRUE,"14.2"
"14","14_27",-14.9,51.95,TRUE,"14.2"
"14","14_28",-14.9,52,TRUE,"14.2"
"14","14_29",-14.9,52.05,TRUE,"14.2"
"14","14_30",-14.95,52.05,TRUE,"14.2"
"15","15_1",-14.25,53.55,FALSE,"15.1"
"15","15_2",-14.2,53.55,FALSE,"15.1"
"15","15_3",-14.2,53.5,FALSE,"15.1"
"15","15_4",-14.25,53.5,FALSE,"15.1"
"15","15_5",-14.25,53.45,FALSE,"15.1"
"15","15_6",-14.25,53.4,FALSE,"15.1"
"15","15_7",-14.3,53.4,FALSE,"15.1"
"15","15_8",-14.3,53.35,FALSE,"15.1"
"15","15_9",-14.35,53.35,FALSE,"15.1"
"15","15_10",-14.4,53.35,FALSE,"15.1"
"15","15_11",-14.4,53.3,FALSE,"15.1"
"15","15_12",-14.45,53.3,FALSE,"15.1"
"15","15_13",-14.45,53.25,FALSE,"15.1"
"15","15_14",-14.5,53.25,FALSE,"15.1"
"15","15_15",-14.5,53.2,FALSE,"15.1"
"15","15_16",-14.5,53.15,FALSE,"15.1"
"15","15_17",-14.55,53.15,FALSE,"15.1"
"15","15_18",-14.55,53.1,FALSE,"15.1"
"15","15_19",-14.55,53.05,FALSE,"15.1"
"15","15_20",-14.55,53,FALSE,"15.1"
"15","15_21",-14.55,52.95,FALSE,"15.1"
"15","15_22",-14.5,52.95,FALSE,"15.1"
"15","15_23",-14.5,52.9,FALSE,"15.1"
"15","15_24",-14.45,52.9,FALSE,"15.1"
"15","15_25",-14.45,52.85,FALSE,"15.1"
"15","15_26",-14.5,52.85,FALSE,"15.1"
"15","15_27",-14.5,52.8,FALSE,"15.1"
"15","15_28",-14.55,52.8,FALSE,"15.1"
"15","15_29",-14.55,52.85,FALSE,"15.1"
"15","15_30",-14.6,52.85,FALSE,"15.1"
"15","15_31",-14.6,52.9,FALSE,"15.1"
"15","15_32",-14.6,52.95,FALSE,"15.1"
"15","15_33",-14.65,52.95,FALSE,"15.1"
"15","15_34",-14.65,53,FALSE,"15.1"
"15","15_35",-14.65,53.05,FALSE,"15.1"
"15","15_36",-14.6,53.05,FALSE,"15.1"
"15","15_37",-14.6,53.1,FALSE,"15.1"
"15","15_38",-14.6,53.15,FALSE,"15.1"
"15","15_39",-14.6,53.2,FALSE,"15.1"
"15","15_40",-14.55,53.2,FALSE,"15.1"
"15","15_41",-14.55,53.25,FALSE,"15.1"
"15","15_42",-14.5,53.25,FALSE,"15.1"
"15","15_43",-14.5,53.3,FALSE,"15.1"
"15","15_44",-14.45,53.3,FALSE,"15.1"
"15","15_45",-14.45,53.35,FALSE,"15.1"
"15","15_46",-14.4,53.35,FALSE,"15.1"
"15","15_47",-14.4,53.4,FALSE,"15.1"
"15","15_48",-14.35,53.4,FALSE,"15.1"
"15","15_49",-14.35,53.45,FALSE,"15.1"
"15","15_50",-14.3,53.45,FALSE,"15.1"
"15","15_51",-14.3,53.5,FALSE,"15.1"
"15","15_52",-14.25,53.5,FALSE,"15.1"
"15","15_53",-14.25,53.55,FALSE,"15.1"
"16","16_1",-14.1,53.65,FALSE,"16.1"
"16","16_2",-14.05,53.65,FALSE,"16.1"
"16","16_3",-14,53.65,FALSE,"16.1"
"16","16_4",-14,53.6,FALSE,"16.1"
"16","16_5",-14.05,53.6,FALSE,"16.1"
"16","16_6",-14.1,53.6,FALSE,"16.1"
"16","16_7",-14.1,53.55,FALSE,"16.1"
"16","16_8",-14.15,53.55,FALSE,"16.1"
"16","16_9",-14.15,53.6,FALSE,"16.1"
"16","16_10",-14.1,53.6,FALSE,"16.1"
"16","16_11",-14.1,53.65,FALSE,"16.1"
"17","17_1",-11.4,54.45,FALSE,"17.1"
"17","17_2",-11.35,54.45,FALSE,"17.1"
"17","17_3",-11.35,54.5,FALSE,"17.1"
"17","17_4",-11.3,54.5,FALSE,"17.1"
"17","17_5",-11.25,54.5,FALSE,"17.1"
"17","17_6",-11.25,54.55,FALSE,"17.1"
"17","17_7",-11.2,54.55,FALSE,"17.1"
"17","17_8",-11.15,54.55,FALSE,"17.1"
"17","17_9",-11.1,54.55,FALSE,"17.1"
"17","17_10",-11.1,54.6,FALSE,"17.1"
"17","17_11",-11.05,54.6,FALSE,"17.1"
"17","17_12",-11,54.6,FALSE,"17.1"
"17","17_13",-10.95,54.6,FALSE,"17.1"
"17","17_14",-10.9,54.6,FALSE,"17.1"
"17","17_15",-10.9,54.65,FALSE,"17.1"
"17","17_16",-10.85,54.65,FALSE,"17.1"
"17","17_17",-10.8,54.65,FALSE,"17.1"
"17","17_18",-10.75,54.65,FALSE,"17.1"
"17","17_19",-10.7,54.65,FALSE,"17.1"
"17","17_20",-10.7,54.7,FALSE,"17.1"
"17","17_21",-10.65,54.7,FALSE,"17.1"
"17","17_22",-10.65,54.75,FALSE,"17.1"
"17","17_23",-10.6,54.75,FALSE,"17.1"
"17","17_24",-10.6,54.8,FALSE,"17.1"
"17","17_25",-10.55,54.8,FALSE,"17.1"
"17","17_26",-10.55,54.85,FALSE,"17.1"
"17","17_27",-10.5,54.85,FALSE,"17.1"
"17","17_28",-10.5,54.9,FALSE,"17.1"
"17","17_29",-10.45,54.9,FALSE,"17.1"
"17","17_30",-10.4,54.9,FALSE,"17.1"
"17","17_31",-10.4,54.95,FALSE,"17.1"
"17","17_32",-10.35,54.95,FALSE,"17.1"
"17","17_33",-10.35,55,FALSE,"17.1"
"17","17_34",-10.3,55,FALSE,"17.1"
"17","17_35",-10.25,55,FALSE,"17.1"
"17","17_36",-10.25,55.05,FALSE,"17.1"
"17","17_37",-10.25,55.1,FALSE,"17.1"
"17","17_38",-10.2,55.1,FALSE,"17.1"
"17","17_39",-10.2,55.15,FALSE,"17.1"
"17","17_40",-10.15,55.15,FALSE,"17.1"
"17","17_41",-10.15,55.2,FALSE,"17.1"
"17","17_42",-10.15,55.25,FALSE,"17.1"
"17","17_43",-10.1,55.25,FALSE,"17.1"
"17","17_44",-10.1,55.3,FALSE,"17.1"
"17","17_45",-10.1,55.35,FALSE,"17.1"
"17","17_46",-10.05,55.35,FALSE,"17.1"
"17","17_47",-10.05,55.4,FALSE,"17.1"
"17","17_48",-10,55.4,FALSE,"17.1"
"17","17_49",-10,55.45,FALSE,"17.1"
"17","17_50",-9.95,55.45,FALSE,"17.1"
"17","17_51",-9.95,55.5,FALSE,"17.1"
"17","17_52",-9.9,55.5,FALSE,"17.1"
"17","17_53",-9.85,55.5,FALSE,"17.1"
"17","17_54",-9.85,55.55,FALSE,"17.1"
"17","17_55",-9.8,55.55,FALSE,"17.1"
"17","17_56",-9.75,55.55,FALSE,"17.1"
"17","17_57",-9.7,55.55,FALSE,"17.1"
"17","17_58",-9.65,55.55,FALSE,"17.1"
"17","17_59",-9.6,55.55,FALSE,"17.1"
"17","17_60",-9.6,55.6,FALSE,"17.1"
"17","17_61",-9.6,55.65,FALSE,"17.1"
"17","17_62",-9.55,55.65,FALSE,"17.1"
"17","17_63",-9.55,55.7,FALSE,"17.1"
"17","17_64",-9.5,55.7,FALSE,"17.1"
"17","17_65",-9.5,55.75,FALSE,"17.1"
"17","17_66",-9.5,55.8,FALSE,"17.1"
"17","17_67",-9.45,55.8,FALSE,"17.1"
"17","17_68",-9.45,55.85,FALSE,"17.1"
"17","17_69",-9.45,55.9,FALSE,"17.1"
"17","17_70",-9.4,55.9,FALSE,"17.1"
"17","17_71",-9.4,55.95,FALSE,"17.1"
"17","17_72",-9.35,55.95,FALSE,"17.1"
"17","17_73",-9.35,56,FALSE,"17.1"
"17","17_74",-9.35,56.05,FALSE,"17.1"
"17","17_75",-9.35,56.1,FALSE,"17.1"
"17","17_76",-9.3,56.1,FALSE,"17.1"
"17","17_77",-9.3,56.15,FALSE,"17.1"
"17","17_78",-9.3,56.2,FALSE,"17.1"
"17","17_79",-9.3,56.25,FALSE,"17.1"
"17","17_80",-9.3,56.3,FALSE,"17.1"
"17","17_81",-9.25,56.3,FALSE,"17.1"
"17","17_82",-9.25,56.35,FALSE,"17.1"
"17","17_83",-9.25,56.358,FALSE,"17.1"
"17","17_84",-9.227,56.358,FALSE,"17.1"
"17","17_85",-9.117,56.358,FALSE,"17.1"
"17","17_86",-9.117,56.3,FALSE,"17.1"
"17","17_87",-9.15,56.3,FALSE,"17.1"
"17","17_88",-9.15,56.25,FALSE,"17.1"
"17","17_89",-9.15,56.2,FALSE,"17.1"
"17","17_90",-9.15,56.15,FALSE,"17.1"
"17","17_91",-9.2,56.15,FALSE,"17.1"
"17","17_92",-9.2,56.1,FALSE,"17.1"
"17","17_93",-9.2,56.05,FALSE,"17.1"
"17","17_94",-9.2,56,FALSE,"17.1"
"17","17_95",-9.2,55.95,FALSE,"17.1"
"17","17_96",-9.25,55.95,FALSE,"17.1"
"17","17_97",-9.25,55.9,FALSE,"17.1"
"17","17_98",-9.25,55.85,FALSE,"17.1"
"17","17_99",-9.3,55.85,FALSE,"17.1"
"17","17_100",-9.3,55.8,FALSE,"17.1"
"17","17_101",-9.3,55.75,FALSE,"17.1"
"17","17_102",-9.3,55.7,FALSE,"17.1"
"17","17_103",-9.35,55.7,FALSE,"17.1"
"17","17_104",-9.35,55.65,FALSE,"17.1"
"17","17_105",-9.35,55.6,FALSE,"17.1"
"17","17_106",-9.4,55.6,FALSE,"17.1"
"17","17_107",-9.45,55.6,FALSE,"17.1"
"17","17_108",-9.45,55.55,FALSE,"17.1"
"17","17_109",-9.5,55.55,FALSE,"17.1"
"17","17_110",-9.5,55.5,FALSE,"17.1"
"17","17_111",-9.55,55.5,FALSE,"17.1"
"17","17_112",-9.6,55.5,FALSE,"17.1"
"17","17_113",-9.6,55.45,FALSE,"17.1"
"17","17_114",-9.65,55.45,FALSE,"17.1"
"17","17_115",-9.7,55.45,FALSE,"17.1"
"17","17_116",-9.75,55.45,FALSE,"17.1"
"17","17_117",-9.75,55.4,FALSE,"17.1"
"17","17_118",-9.8,55.4,FALSE,"17.1"
"17","17_119",-9.85,55.4,FALSE,"17.1"
"17","17_120",-9.85,55.35,FALSE,"17.1"
"17","17_121",-9.9,55.35,FALSE,"17.1"
"17","17_122",-9.9,55.3,FALSE,"17.1"
"17","17_123",-9.95,55.3,FALSE,"17.1"
"17","17_124",-9.95,55.25,FALSE,"17.1"
"17","17_125",-10,55.25,FALSE,"17.1"
"17","17_126",-10,55.2,FALSE,"17.1"
"17","17_127",-10,55.15,FALSE,"17.1"
"17","17_128",-10.05,55.15,FALSE,"17.1"
"17","17_129",-10.05,55.1,FALSE,"17.1"
"17","17_130",-10.05,55.05,FALSE,"17.1"
"17","17_131",-10.1,55.05,FALSE,"17.1"
"17","17_132",-10.1,55,FALSE,"17.1"
"17","17_133",-10.15,55,FALSE,"17.1"
"17","17_134",-10.15,54.95,FALSE,"17.1"
"17","17_135",-10.2,54.95,FALSE,"17.1"
"17","17_136",-10.2,54.9,FALSE,"17.1"
"17","17_137",-10.25,54.9,FALSE,"17.1"
"17","17_138",-10.25,54.85,FALSE,"17.1"
"17","17_139",-10.3,54.85,FALSE,"17.1"
"17","17_140",-10.35,54.85,FALSE,"17.1"
"17","17_141",-10.35,54.8,FALSE,"17.1"
"17","17_142",-10.4,54.8,FALSE,"17.1"
"17","17_143",-10.45,54.8,FALSE,"17.1"
"17","17_144",-10.45,54.75,FALSE,"17.1"
"17","17_145",-10.45,54.7,FALSE,"17.1"
"17","17_146",-10.5,54.7,FALSE,"17.1"
"17","17_147",-10.55,54.7,FALSE,"17.1"
"17","17_148",-10.55,54.65,FALSE,"17.1"
"17","17_149",-10.6,54.65,FALSE,"17.1"
"17","17_150",-10.6,54.6,FALSE,"17.1"
"17","17_151",-10.65,54.6,FALSE,"17.1"
"17","17_152",-10.7,54.6,FALSE,"17.1"
"17","17_153",-10.7,54.55,FALSE,"17.1"
"17","17_154",-10.75,54.55,FALSE,"17.1"
"17","17_155",-10.75,54.5,FALSE,"17.1"
"17","17_156",-10.8,54.5,FALSE,"17.1"
"17","17_157",-10.85,54.5,FALSE,"17.1"
"17","17_158",-10.85,54.45,FALSE,"17.1"
"17","17_159",-10.9,54.45,FALSE,"17.1"
"17","17_160",-10.95,54.45,FALSE,"17.1"
"17","17_161",-10.95,54.4,FALSE,"17.1"
"17","17_162",-11,54.4,FALSE,"17.1"
"17","17_163",-11.05,54.4,FALSE,"17.1"
"17","17_164",-11.1,54.4,FALSE,"17.1"
"17","17_165",-11.1,54.35,FALSE,"17.1"
"17","17_166",-11.15,54.35,FALSE,"17.1"
"17","17_167",-11.2,54.35,FALSE,"17.1"
"17","17_168",-11.2,54.3,FALSE,"17.1"
"17","17_169",-11.25,54.3,FALSE,"17.1"
"17","17_170",-11.25,54.25,FALSE,"17.1"
"17","17_171",-11.3,54.25,FALSE,"17.1"
"17","17_172",-11.3,54.2,FALSE,"17.1"
"17","17_173",-11.35,54.2,FALSE,"17.1"
"17","17_174",-11.4,54.2,FALSE,"17.1"
"17","17_175",-11.4,54.15,FALSE,"17.1"
"17","17_176",-11.45,54.15,FALSE,"17.1"
"17","17_177",-11.5,54.15,FALSE,"17.1"
"17","17_178",-11.55,54.15,FALSE,"17.1"
"17","17_179",-11.55,54.1,FALSE,"17.1"
"17","17_180",-11.6,54.1,FALSE,"17.1"
"17","17_181",-11.6,54.15,FALSE,"17.1"
"17","17_182",-11.55,54.15,FALSE,"17.1"
"17","17_183",-11.55,54.2,FALSE,"17.1"
"17","17_184",-11.5,54.2,FALSE,"17.1"
"17","17_185",-11.45,54.2,FALSE,"17.1"
"17","17_186",-11.45,54.25,FALSE,"17.1"
"17","17_187",-11.4,54.25,FALSE,"17.1"
"17","17_188",-11.4,54.3,FALSE,"17.1"
"17","17_189",-11.35,54.3,FALSE,"17.1"
"17","17_190",-11.35,54.35,FALSE,"17.1"
"17","17_191",-11.35,54.4,FALSE,"17.1"
"17","17_192",-11.4,54.4,FALSE,"17.1"
"17","17_193",-11.4,54.35,FALSE,"17.1"
"17","17_194",-11.45,54.35,FALSE,"17.1"
"17","17_195",-11.45,54.4,FALSE,"17.1"
"17","17_196",-11.4,54.4,FALSE,"17.1"
"17","17_197",-11.4,54.45,FALSE,"17.1"
"17","17_198",-11.35,54.45,TRUE,"17.2"
"17","17_199",-11.35,54.4,TRUE,"17.2"
"17","17_200",-11.3,54.4,TRUE,"17.2"
"17","17_201",-11.3,54.45,TRUE,"17.2"
"17","17_202",-11.35,54.45,TRUE,"17.2"
"18","18_1",-13.75,53.75,FALSE,"18.1"
"18","18_2",-13.75,53.7,FALSE,"18.1"
"18","18_3",-13.8,53.7,FALSE,"18.1"
"18","18_4",-13.85,53.7,FALSE,"18.1"
"18","18_5",-13.85,53.75,FALSE,"18.1"
"18","18_6",-13.8,53.75,FALSE,"18.1"
"18","18_7",-13.75,53.75,FALSE,"18.1"
"19","19_1",-13.6,53.8,FALSE,"19.1"
"19","19_2",-13.6,53.75,FALSE,"19.1"
"19","19_3",-13.65,53.75,FALSE,"19.1"
"19","19_4",-13.7,53.75,FALSE,"19.1"
"19","19_5",-13.7,53.8,FALSE,"19.1"
"19","19_6",-13.65,53.8,FALSE,"19.1"
"19","19_7",-13.6,53.8,FALSE,"19.1"
"20","20_1",-12.75,54,FALSE,"20.1"
"20","20_2",-12.7,54,FALSE,"20.1"
"20","20_3",-12.65,54,FALSE,"20.1"
"20","20_4",-12.65,53.95,FALSE,"20.1"
"20","20_5",-12.7,53.95,FALSE,"20.1"
"20","20_6",-12.75,53.95,FALSE,"20.1"
"20","20_7",-12.75,54,FALSE,"20.1"
"21","21_1",-13.4,54,FALSE,"21.1"
"21","21_2",-13.35,54,FALSE,"21.1"
"21","21_3",-13.3,54,FALSE,"21.1"
"21","21_4",-13.25,54,FALSE,"21.1"
"21","21_5",-13.2,54,FALSE,"21.1"
"21","21_6",-13.15,54,FALSE,"21.1"
"21","21_7",-13.15,53.95,FALSE,"21.1"
"21","21_8",-13.2,53.95,FALSE,"21.1"
"21","21_9",-13.25,53.95,FALSE,"21.1"
"21","21_10",-13.3,53.95,FALSE,"21.1"
"21","21_11",-13.35,53.95,FALSE,"21.1"
"21","21_12",-13.4,53.95,FALSE,"21.1"
"21","21_13",-13.4,53.9,FALSE,"21.1"
"21","21_14",-13.4,53.85,FALSE,"21.1"
"21","21_15",-13.45,53.85,FALSE,"21.1"
"21","21_16",-13.45,53.8,FALSE,"21.1"
"21","21_17",-13.5,53.8,FALSE,"21.1"
"21","21_18",-13.5,53.85,FALSE,"21.1"
"21","21_19",-13.45,53.85,FALSE,"21.1"
"21","21_20",-13.45,53.9,FALSE,"21.1"
"21","21_21",-13.45,53.95,FALSE,"21.1"
"21","21_22",-13.4,53.95,FALSE,"21.1"
"21","21_23",-13.4,54,FALSE,"21.1"
"22","22_1",-13.95,53.85,FALSE,"22.1"
"22","22_2",-13.9,53.85,FALSE,"22.1"
"22","22_3",-13.85,53.85,FALSE,"22.1"
"22","22_4",-13.85,53.8,FALSE,"22.1"
"22","22_5",-13.9,53.8,FALSE,"22.1"
"22","22_6",-13.95,53.8,FALSE,"22.1"
"22","22_7",-13.95,53.75,FALSE,"22.1"
"22","22_8",-14,53.75,FALSE,"22.1"
"22","22_9",-14.05,53.75,FALSE,"22.1"
"22","22_10",-14.05,53.8,FALSE,"22.1"
"22","22_11",-14,53.8,FALSE,"22.1"
"22","22_12",-13.95,53.8,FALSE,"22.1"
"22","22_13",-13.95,53.85,FALSE,"22.1"
"23","23_1",-13.6,53.95,FALSE,"23.1"
"23","23_2",-13.55,53.95,FALSE,"23.1"
"23","23_3",-13.55,53.9,FALSE,"23.1"
"23","23_4",-13.6,53.9,FALSE,"23.1"
"23","23_5",-13.6,53.85,FALSE,"23.1"
"23","23_6",-13.65,53.85,FALSE,"23.1"
"23","23_7",-13.65,53.9,FALSE,"23.1"
"23","23_8",-13.6,53.9,FALSE,"23.1"
"23","23_9",-13.6,53.95,FALSE,"23.1"
"24","24_1",-14.65,56.25,FALSE,"24.1"
"24","24_2",-14.6,56.25,FALSE,"24.1"
"24","24_3",-14.6,56.2,FALSE,"24.1"
"24","24_4",-14.65,56.2,FALSE,"24.1"
"24","24_5",-14.65,56.15,FALSE,"24.1"
"24","24_6",-14.7,56.15,FALSE,"24.1"
"24","24_7",-14.7,56.1,FALSE,"24.1"
"24","24_8",-14.75,56.1,FALSE,"24.1"
"24","24_9",-14.75,56.05,FALSE,"24.1"
"24","24_10",-14.8,56.05,FALSE,"24.1"
"24","24_11",-14.85,56.05,FALSE,"24.1"
"24","24_12",-14.85,56,FALSE,"24.1"
"24","24_13",-14.9,56,FALSE,"24.1"
"24","24_14",-14.9,56.05,FALSE,"24.1"
"24","24_15",-14.85,56.05,FALSE,"24.1"
"24","24_16",-14.85,56.1,FALSE,"24.1"
"24","24_17",-14.8,56.1,FALSE,"24.1"
"24","24_18",-14.75,56.1,FALSE,"24.1"
"24","24_19",-14.75,56.15,FALSE,"24.1"
"24","24_20",-14.7,56.15,FALSE,"24.1"
"24","24_21",-14.7,56.2,FALSE,"24.1"
"24","24_22",-14.65,56.2,FALSE,"24.1"
"24","24_23",-14.65,56.25,FALSE,"24.1"
"25","25_1",-14.5,56.35,FALSE,"25.1"
"25","25_2",-14.45,56.35,FALSE,"25.1"
"25","25_3",-14.45,56.4,FALSE,"25.1"
"25","25_4",-14.4,56.4,FALSE,"25.1"
"25","25_5",-14.4,56.45,FALSE,"25.1"
"25","25_6",-14.35,56.45,FALSE,"25.1"
"25","25_7",-14.35,56.5,FALSE,"25.1"
"25","25_8",-14.3,56.5,FALSE,"25.1"
"25","25_9",-14.3,56.55,FALSE,"25.1"
"25","25_10",-14.25,56.55,FALSE,"25.1"
"25","25_11",-14.2,56.55,FALSE,"25.1"
"25","25_12",-14.15,56.55,FALSE,"25.1"
"25","25_13",-14.15,56.5,FALSE,"25.1"
"25","25_14",-14.2,56.5,FALSE,"25.1"
"25","25_15",-14.2,56.45,FALSE,"25.1"
"25","25_16",-14.25,56.45,FALSE,"25.1"
"25","25_17",-14.25,56.4,FALSE,"25.1"
"25","25_18",-14.3,56.4,FALSE,"25.1"
"25","25_19",-14.3,56.35,FALSE,"25.1"
"25","25_20",-14.35,56.35,FALSE,"25.1"
"25","25_21",-14.35,56.3,FALSE,"25.1"
"25","25_22",-14.4,56.3,FALSE,"25.1"
"25","25_23",-14.45,56.3,FALSE,"25.1"
"25","25_24",-14.5,56.3,FALSE,"25.1"
"25","25_25",-14.5,56.25,FALSE,"25.1"
"25","25_26",-14.55,56.25,FALSE,"25.1"
"25","25_27",-14.55,56.3,FALSE,"25.1"
"25","25_28",-14.5,56.3,FALSE,"25.1"
"25","25_29",-14.5,56.35,FALSE,"25.1"
"26","26_1",-14.05,56.667,FALSE,"26.1"
"26","26_2",-14,56.667,FALSE,"26.1"
"26","26_3",-14,56.7,FALSE,"26.1"
"26","26_4",-13.95,56.7,FALSE,"26.1"
"26","26_5",-13.95,56.65,FALSE,"26.1"
"26","26_6",-14,56.65,FALSE,"26.1"
"26","26_7",-14.05,56.65,FALSE,"26.1"
"26","26_8",-14.05,56.667,FALSE,"26.1"
